지역,종별,의료기관명,수
광산구 도산동,군부대시설,제1전투비행단항공의무대대,1
동구 계림동,병원,계림병원,1
동구 계림동,병원,차병원,1
동구 대인동,병원,대중병원,1
동구 학동,병원,씨엠맘삼성병원,1
동구 계림동,병원,가나병원,1
서구 쌍촌동,병원,광주힐병원,1
서구 풍암동,병원,슬기로운병원,1
서구 화정동,병원,화정아동병원,1
서구 화정동,병원,뉴 엔젤병원,1
서구 화정동,병원,중앙병원,1
서구 쌍촌동,병원,문영래 정형외과병원,1
서구 동천동,병원,광주동천병원,1
서구 치평동,병원,시원병원,1
서구 치평동,병원,서울휴병원,1
서구 치평동,병원,새희망병원,1
서구 화정동,병원,소망하나로병원,1
서구 쌍촌동,병원,코끼리휴병원,1
서구 금호동,병원,우리아동병원,1
서구 농성동,병원,밝은안과21병원,1
서구 농성동,병원,아이퍼스트아동병원,1
서구 치평동,병원,미즈피아병원,1
서구 동천동,병원,광주동림병원,1
서구 양동,병원,무지개병원,1
서구 치평동,병원,우리들병원,1
서구 치평동,병원,보라안과병원,1
서구 화정동,병원,광주새우리병원,1
서구 광천동,병원,시엘병원,1
남구 월산동,병원,화이트병원,1
남구 주월동,병원,광주참병원,1
남구 방림동,병원,사랑샘병원,1
남구 월산동,병원,원힐링병원,1
남구 진월동,병원,예사랑아동병원,1
남구 봉선동,병원,한일병원,1
남구 방림동,병원,가제트병원,1
남구 백운동,병원,모아산부인과병원,1
남구 백운동,병원,광주백병원,1
남구 서동,병원,새미래병원,1
남구 봉선동,병원,미래아동병원,1
북구 신안동,병원,신안병원,1
북구 각화동,병원,빛고을생생병원,1
북구 양산동,병원,해온병원,1
북구 각화동,병원,광주아주병원,1
북구 신용동,병원,더나은병원,1
북구 용봉동,병원,비엔날레병원,1
북구 운암동,병원,성보병원,1
북구 신용동,병원,광주바로병원,1
북구 우산동,병원,말바우엘병원,1
북구 양산동,병원,아이맘아동병원,1
북구 신용동,병원,새나래병원,1
북구 양산동,병원,빛고을여성병원,1
북구 본촌동,병원,호남권역재활병원,1
북구 운암동,병원,새운암병원,1
북구 풍향동,병원,에스케이제이병원,1
북구 운암동,병원,광주굿모닝병원,1
북구 중흥동,병원,튼튼정형외과병원,1
북구 운암동,병원,문화여성병원,1
북구 각화동,병원,우암병원,1
북구 각화동,병원,광주미래병원,1
북구 두암동,병원,북구우리들병원,1
북구 매곡동,병원,엔탑이비인후과병원,1
북구 오룡동,병원,첨단우암병원,1
북구 연제동,병원,의료법인가평의료재단 첨단선병원,1
북구 오치동,병원,북구미래아동병원,1
북구 두암동,병원,은병원,1
북구 두암동,병원,에덴병원,1
광산구 소촌동,병원,슬기로운재활의학과병원,1
광산구 운남동,병원,채움휴병원,1
광산구 쌍암동,병원,첨단으뜸병원,1
광산구 도산동,병원,한마음병원,1
광산구 신가동,병원,수완센트럴병원,1
광산구 신가동,병원,광주365재활병원,1
광산구 수완동,병원,광산하나아동병원,1
광산구 장덕동,병원,광주OK병원,1
광산구 운남동,병원,광주21세기병원,1
광산구 장덕동,병원,세계로병원,1
광산구 수완동,병원,더블유여성병원,1
광산구 운남동,병원,광산수완미래아동병원,1
광산구 월계동,병원,하나아동병원,1
광산구 신가동,병원,광주중앙아동병원,1
광산구 송정동,병원,광주열린병원,1
광산구 쌍암동,병원,첨단우리병원,1
광산구 송정동,병원,송정사랑병원,1
광산구 운남동,병원,한사랑병원,1
서구 농성동,보건소,광주광역시서구보건소,1
서구 세하동,보건진료소,광주광역시서구서창보건진료소,1
동구 지산동,부속의원,광주법원청사 부속의원,1
동구 대인동,부속의원,한화생명㈜광주부속의원,1
북구 용봉동,부속의원,전남대학교 보건진료소,1
북구 오치동,부속의원,제31보병사단의무근무대,1
북구 오룡동,부속의원,삼성전자㈜부속의원,1
북구 삼각동,부속의원,광주교도소부속의원,1
광산구 고룡동,부속의원,법무부 광주소년원 부속의원,1
광산구 오선동,부속의원,삼성전자㈜부속의원,1
광산구 소촌동,부속의원,금호타이어㈜부속치과의원,1
광산구 소촌동,부속의원,금호타이어㈜부속의원,1
동구 학동,요양병원,씨엠맘삼성요양병원,1
동구 내남동,요양병원,오아시스요양병원,1
동구 운림동,요양병원,치유요양병원,1
동구 학동,요양병원,양명요양병원,1
동구 소태동,요양병원,강남요양병원,1
동구 금동,요양병원,세종요양병원(의료법인세종의료재단),1
동구 계림동,요양병원,태평요양병원,1
동구 대인동,요양병원,노벨요양병원,1
동구 계림동,요양병원,광주고려요양병원,1
서구 치평동,요양병원,마더스 요양병원,1
서구 광천동,요양병원,이기람 요양병원,1
서구 농성동,요양병원,미소요양병원,1
서구 화정동,요양병원,정든요양병원,1
서구 매월동,요양병원,서광주청연요양병원,1
서구 치평동,요양병원,상무힐링요양병원,1
서구 금호동,요양병원,서광요양병원,1
서구 양동,요양병원,햇살요양병원,1
서구 양동,요양병원,백세요양병원,1
남구 봉선동,요양병원,지성요양병원,1
남구 백운동,요양병원,백운요양병원,1
남구 덕남동,요양병원,광주시립제2요양병원,1
남구 주월동,요양병원,에스웰요양병원,1
남구 송하동,요양병원,효다움요양병원,1
남구 주월동,요양병원,대한요양병원,1
남구 송하동,요양병원,씨티재활의학과요양병원,1
남구 송하동,요양병원,남구요양병원,1
남구 월산동,요양병원,효인재활요양병원,1
북구 오치동,요양병원,다온요양병원,1
북구 신안동,요양병원,동행요양병원,1
북구 일곡동,요양병원,일곡요양병원,1
북구 신안동,요양병원,엄마요양병원,1
북구 동림동,요양병원,광주누가요양병원,1
북구 연제동,요양병원,진요양병원,1
북구 운암동,요양병원,천사요양병원,1
북구 삼각동,요양병원,일곡양지요양병원,1
북구 일곡동,요양병원,헤아림요양병원,1
북구 유동,요양병원,엘리암요양병원,1
북구 신안동,요양병원,효드림요양병원,1
북구 운암동,요양병원,동서하나로요양병원,1
북구 중흥동,요양병원,늘푸른요양병원,1
북구 양산동,요양병원,다움요양병원,1
북구 두암동,요양병원,해피니스요양병원,1
북구 임동,요양병원,그린요양병원,1
북구 동림동,요양병원,광주연세요양병원,1
북구 신안동,요양병원,에이치요양병원,1
광산구 산월동,요양병원,광주보훈요양병원,1
광산구 쌍암동,요양병원,첨단요양병원,1
광산구 우산동,요양병원,허그요양병원,1
광산구 하남동,요양병원,이가양정요양병원,1
광산구 월계동,요양병원,광주요양병원,1
광산구 송촌동,요양병원,굿모닝요양병원,1
광산구 장덕동,요양병원,수완행복한요양병원,1
광산구 신창동,요양병원,산들요양병원,1
광산구 장덕동,요양병원,수완탑요양병원,1
광산구 송촌동,요양병원,일등요양병원,1
광산구 우산동,요양병원,호남요양병원,1
광산구 쌍암동,요양병원,상그릴라요양병원,1
광산구 신가동,요양병원,자연요양병원,1
광산구 소촌동,요양병원,우리요양병원,1
광산구 삼거동,요양병원,효정요양병원,1
광산구 삼거동,요양병원,광주시립제1요양병원,1
동구 계림동,의원,부부내과의원,1
동구 남동,의원,이승철피부과의원,1
동구 학동,의원,마레피부과의원,1
동구 계림동,의원,도담소아청소년과의원,1
동구 금동,의원,코와숲이비인후과의원,1
동구 소태동,의원,박은호이비인후과의원,1
동구 산수동,의원,오영미 신경과의원,1
동구 용산동,의원,한의정소아청소년과의원,1
동구 대인동,의원,노벨플러스내과의원,1
동구 학동,의원,넘버원정형외과의원,1
동구 학동,의원,봄산부인과의원,1
동구 서석동,의원,광주대항외과의원,1
동구 학동,의원,선형유외과의원,1
동구 학동,의원,담대한외과의원,1
동구 대인동,의원,조은세상누림의원,1
동구 계림동,의원,밝은소아청소년과의원,1
동구 학동,의원,우리건강내과의원,1
동구 학동,의원,드림정신건강의학과의원,1
동구 황금동,의원,강남더뷰티 성형외과의원,1
동구 금남로3가,의원,청담젠의원,1
동구 학동,의원,바른이비인후과의원,1
동구 남동,의원,오봉렬 비뇨기과의원,1
동구 학동,의원,우리아이소아청소년과의원,1
동구 충장로1가,의원,밤실의원,1
동구 학동,의원,라벨르의원,1
동구 학동,의원,성모마취통증의학과의원,1
동구 학동,의원,한가족의원,1
동구 남동,의원,베스트신경과의원,1
동구 호남동,의원,엘리스의원,1
동구 학동,의원,파랑새안과의원,1
동구 학동,의원,고운연합내과의원,1
동구 금남로2가,의원,뮤즈의원,1
동구 장동,의원,허준이비인후과의원,1
동구 대인동,의원,현대의원,1
동구 학동,의원,기홍석안과의원,1
동구 대인동,의원,대인연합내과의원,1
동구 호남동,의원,중앙안과의원,1
동구 산수동,의원,동방의원(의료법인 희망의료재단),1
동구 학동,의원,연합내과의원,1
동구 산수동,의원,밝은미소의원,1
동구 금남로5가,의원,동양미인의원,1
동구 계림동,의원,광주동산의원,1
동구 호남동,의원,수사랑의원,1
동구 지산동,의원,지산내과의원,1
동구 충장로1가,의원,문경란산부인과의원,1
동구 학동,의원,필요한가정의학과의원,1
동구 산수동,의원,열린가정의학과의원,1
동구 대인동,의원,우리신경외과의원,1
동구 남동,의원,복음내과의원,1
동구 학동,의원,김평남내과의원,1
동구 산수동,의원,고비뇨의학과의원,1
동구 남동,의원,탑마취통증의학과의원,1
동구 계림동,의원,한사랑가정의학과의원,1
동구 남동,의원,미즈유로여성의원,1
동구 용산동,의원,서울연합의원,1
동구 남동,의원,광주재활의학과의원,1
동구 광산동,의원,광주고운세상피부과의원,1
동구 산수동,의원,김선호안과의원,1
동구 남동,의원,최영정신과의원,1
동구 금남로5가,의원,문앤문의원,1
동구 산수동,의원,준이비인후과의원,1
동구 남동,의원,우리이비인후과의원,1
동구 계림동,의원,김성식비뇨기과의원,1
동구 대인동,의원,대인제통마취통증의학과의원,1
동구 금남로5가,의원,모정마취통증의학과의원,1
동구 황금동,의원,반이비인후과의원,1
동구 금남로5가,의원,광주중앙영상의학과의원,1
동구 남동,의원,푸른안과의원,1
동구 금동,의원,김용주내과의원,1
동구 남동,의원,광주신경과의원,1
동구 산수동,의원,자모스프링여성의원,1
동구 지산동,의원,그린가정의학과의원,1
동구 대인동,의원,강남비뇨기과의원,1
동구 학동,의원,새한신경외과의원,1
동구 산수동,의원,박미순피부과의원,1
동구 계림동,의원,아름다운피부과의원,1
동구 광산동,의원,류봉수성형외과의원,1
동구 황금동,의원,최광림성형외과의원,1
동구 산수동,의원,현대가정의학과의원,1
동구 대인동,의원,박안과의원,1
동구 학동,의원,조은정형외과의원,1
동구 동명동,의원,재단법인 C.C.C 아가페의원,1
동구 금동,의원,광주안과의원,1
동구 산수동,의원,조승열내과의원,1
동구 계림동,의원,가나신경외과의원,1
동구 학동,의원,전남피부과의원,1
동구 남동,의원,아이사랑정신건강의학과의원,1
동구 소태동,의원,퍼스트의원,1
동구 산수동,의원,오내과의원,1
동구 산수동,의원,심이비인후과의원,1
동구 계림동,의원,허경내과의원,1
동구 계림동,의원,이민오외과의원,1
동구 계림동,의원,시온의원,1
동구 학동,의원,이동훈이비인후과의원,1
동구 황금동,의원,중앙피부과의원,1
동구 학동,의원,학문외과의원,1
동구 대인동,의원,허웅이비인후과의원,1
동구 학동,의원,문응주정형외과의원,1
동구 학동,의원,이상명내과의원,1
동구 서석동,의원,이정남신경정신과의원,1
동구 장동,의원,유승우비뇨기과의원,1
동구 충장로4가,의원,기찬종피부과의원,1
동구 소태동,의원,한국한센복지협회광주전남지부부설의원,1
동구 계림동,의원,조내과의원,1
동구 금남로5가,의원,오갑렬비뇨기과의원,1
동구 호남동,의원,전산부인과의원,1
동구 학동,의원,허경룡소아과의원,1
동구 황금동,의원,오정호비뇨기과의원,1
동구 황금동,의원,오비뇨기과의원,1
동구 학동,의원,최춘산부인과의원,1
동구 충장로4가,의원,조이비인후과의원,1
동구 대인동,의원,이진희산부인과의원,1
동구 금남로5가,의원,김신경외과의원,1
동구 금남로1가,의원,진내과의원,1
동구 학동,의원,광주의원,1
서구 농성동,의원,센트럴윤길중안과의원,1
서구 치평동,의원,이루다성형외과의원,1
서구 치평동,의원,바노바기광주의원,1
서구 농성동,의원,서울갑유외과의원,1
서구 치평동,의원,키앤아이소아청소년과의원,1
서구 광천동,의원,태영21내과의원,1
서구 내방동,의원,우리가정의원,1
서구 풍암동,의원,풍암탑내과의원,1
서구 마륵동,의원,상무탑정형외과의원,1
서구 동천동,의원,다정의원,1
서구 풍암동,의원,장쏙쏙내과의원,1
서구 동천동,의원,한결마취통증의학과의원,1
서구 금호동,의원,라파가정의학과의원,1
서구 농성동,의원,프리미어의원,1
서구 내방동,의원,기아(주)오토랜드 광주제2의원,1
서구 광천동,의원,광주글로벌서울안과의원,1
서구 내방동,의원,기아(주)오토랜드 광주제1의원,1
서구 치평동,의원,강남더빛안과의원,1
서구 치평동,의원,당신의봄의원,1
서구 치평동,의원,리노성형외과의원,1
서구 치평동,의원,문형철내과의원,1
서구 치평동,의원,닥터스피부과의원 광주상무점,1
서구 농성동,의원,밴스의원,1
서구 치평동,의원,상무드림내과의원,1
서구 양동,의원,최고안과의원,1
서구 치평동,의원,모던성형외과의원,1
서구 농성동,의원,미하이의원,1
서구 치평동,의원,서울성모정형외과의원,1
서구 화정동,의원,참편한신경외과의원,1
서구 농성동,의원,닥터스피부과의원,1
서구 금호동,의원,금호정신건강의학과의원,1
서구 화정동,의원,오세인정형외과의원,1
서구 치평동,의원,박앤박정신건강의학과의원,1
서구 금호동,의원,희망가득마취통증의학과의원,1
서구 동천동,의원,광주삼성이비인후과의원,1
서구 농성동,의원,삼성 봄 정신건강의학과의원,1
서구 치평동,의원,스카이의원,1
서구 치평동,의원,아이퀸성형외과의원,1
서구 치평동,의원,서울상무정형외과의원,1
서구 쌍촌동,의원,로뎀정신건강의학과의원,1
서구 금호동,의원,박상훈내과의원,1
서구 화정동,의원,서울삼성내과의원,1
서구 치평동,의원,리얼미의원,1
서구 치평동,의원,아티스성형외과의원,1
서구 풍암동,의원,소문난정형외과의원,1
서구 화정동,의원,최승호내과의원,1
서구 치평동,의원,압구정모비앙의원,1
서구 쌍촌동,의원,힐링미드림의원,1
서구 치평동,의원,광주스마일안과의원,1
서구 광천동,의원,아띠의원,1
서구 치평동,의원,서울이비인후과의원,1
서구 치평동,의원,샤인빔의원,1
서구 치평동,의원,코앤영의원,1
서구 화정동,의원,센트럴비뇨의학과의원,1
서구 농성동,의원,박인범제통의원,1
서구 치평동,의원,탑라인외과의원,1
서구 농성동,의원,호호이비인후과의원,1
서구 화정동,의원,바른재활의학과의원,1
서구 화정동,의원,밝은의원,1
서구 화정동,의원,K교토성형외과의원,1
서구 치평동,의원,블리비의원,1
서구 농성동,의원,광주미의원,1
서구 농성동,의원,쁘띠2.7의원,1
서구 양동,의원,하나가정의학과의원,1
서구 치평동,의원,강남바른스케치의원,1
서구 농성동,의원,정상기안과의원,1
서구 농성동,의원,강남의원,1
서구 치평동,의원,비슈정신건강의학과의원,1
서구 치평동,의원,상무안과의원,1
서구 치평동,의원,CNP차앤박피부과의원,1
서구 풍암동,의원,더하얀의원,1
서구 양동,의원,서구베스트의원,1
서구 치평동,의원,연세피부과의원,1
서구 금호동,의원,연세다온재활의학과의원,1
서구 치평동,의원,신데렐라의원,1
서구 치평동,의원,닥터영의원,1
서구 화정동,의원,하나로내과의원,1
서구 농성동,의원,쿨맨남성의원,1
서구 마륵동,의원,디에비뉴의원,1
서구 농성동,의원,리뉴의원,1
서구 마륵동,의원,상쾌한박완내과의원,1
서구 치평동,의원,닥터윤마디의원,1
서구 치평동,의원,압구정제이엘의원,1
서구 치평동,의원,더블린의원,1
서구 풍암동,의원,미앤사랑피부과의원,1
서구 풍암동,의원,소문난내과의원,1
서구 쌍촌동,의원,코끼리내과의원,1
서구 광천동,의원,엠탑남성의원,1
서구 치평동,의원,바른유외과의원,1
서구 금호동,의원,피넬정신건강의학과의원,1
서구 금호동,의원,강남진의원,1
서구 치평동,의원,톱스타성형외과의원,1
서구 치평동,의원,더코성형외과의원,1
서구 쌍촌동,의원,광주주사랑의원,1
서구 쌍촌동,의원,웰의원,1
서구 금호동,의원,대한정형외과의원,1
서구 농성동,의원,목뉴방외과의원,1
서구 치평동,의원,V라인S라인프리미엄자인의원,1
서구 농성동,의원,드림업성형외과의원,1
서구 농성동,의원,맨앤네이처 성형외과의원,1
서구 광천동,의원,광주안과의원,1
서구 치평동,의원,아델피부과의원,1
서구 치평동,의원,센트럴T성형외과의원,1
서구 농성동,의원,비비드성형외과의원,1
서구 농성동,의원,하나통합의원,1
서구 동천동,의원,상쾌한정형외과의원,1
서구 동천동,의원,상쾌한내과의원,1
서구 치평동,의원,원정신건강의학과의원,1
서구 치평동,의원,연세팜스의원,1
서구 치평동,의원,코웰의원,1
서구 치평동,의원,미라클의원,1
서구 치평동,의원,모앤미라클의원,1
서구 마륵동,의원,가슴뛰는내과의원,1
서구 치평동,의원,청담진성형외과의원,1
서구 치평동,의원,강남세련성형외과의원,1
서구 광천동,의원,빛고을미의원,1
서구 풍암동,의원,파티마의원,1
서구 치평동,의원,참사랑내과의원,1
서구 금호동,의원,홍신경외과의원,1
서구 양동,의원,우리연합의원,1
서구 치평동,의원,세종성형외과의원,1
서구 농성동,의원,우리들내과의원,1
서구 농성동,의원,트루맨남성의원,1
서구 농성동,의원,메디필비뇨기과의원,1
서구 농성동,의원,메디필피부과의원,1
서구 쌍촌동,의원,우리튼튼의원,1
서구 동천동,의원,느낌좋은산부인과의원,1
서구 치평동,의원,이노블성형외과의원,1
서구 화정동,의원,나라의원,1
서구 치평동,의원,더블유의원,1
서구 유촌동,의원,예지메디뷰의원,1
서구 치평동,의원,더리프트의원,1
서구 치평동,의원,미지예피부과의원,1
서구 농성동,의원,나용필모피부과의원,1
서구 농성동,의원,밝은마취통증의학과의원,1
서구 금호동,의원,박영옥마취통증의학과의원,1
서구 치평동,의원,더모헤어플란트미지예피부과의원,1
서구 금호동,의원,예사랑피부과의원,1
서구 농성동,의원,광주서울하정의원,1
서구 치평동,의원,최세미산부인과의원,1
서구 치평동,의원,알파성형외과의원,1
서구 금호동,의원,멘파워비뇨기과의원,1
서구 양동,의원,중앙신경외과의원,1
서구 치평동,의원,손의주신경과의원,1
서구 농성동,의원,프렌즈성형외과의원,1
서구 화정동,의원,본피부과의원,1
서구 농성동,의원,박동균성형외과의원,1
서구 농성동,의원,유앤박미래피부과의원,1
서구 농성동,의원,신세계마취통증의학과의원,1
서구 농성동,의원,유로진 남성의원,1
서구 치평동,의원,연세유앤미의원,1
서구 금호동,의원,코아이비인후과의원,1
서구 광천동,의원,신세계안과의원,1
서구 화정동,의원,행복가정의학과의원,1
서구 치평동,의원,닥터리스의원,1
서구 치평동,의원,뷰티스 맑은피부과의원,1
서구 치평동,의원,압구정앤성형외과의원,1
서구 치평동,의원,애플영상의학과의원,1
서구 치평동,의원,(재단법인)한국의학연구소광주의원,1
서구 농성동,의원,화이트피부과의원,1
서구 금호동,의원,우리성모의원,1
서구 화정동,의원,정내과의원,1
서구 치평동,의원,yes의원,1
서구 치평동,의원,신지호성형외과의원,1
서구 금호동,의원,에버미의원,1
서구 쌍촌동,의원,생기가정의학과의원,1
서구 농성동,의원,웰스유외과의원,1
서구 화정동,의원,이철범이비인후과의원,1
서구 금호동,의원,양승원내과의원,1
서구 동천동,의원,상쾌한이비인후과의원,1
서구 치평동,의원,닥터뷰티의원,1
서구 쌍촌동,의원,송창훈내과의원,1
서구 농성동,의원,미플러스성형외과의원,1
서구 농성동,의원,(사회복지법인)한국혈우재단광주의원,1
서구 광천동,의원,2030미라인외과의원,1
서구 금호동,의원,금호소망산부인과의원,1
서구 풍암동,의원,보라여성의원,1
서구 쌍촌동,의원,아름다운여성의원,1
서구 농성동,의원,광주미래와희망산부인과의원,1
서구 동천동,의원,동천희망소아과의원,1
서구 치평동,의원,젠틀맨&레이디의원,1
서구 농성동,의원,메디필성형외과의원,1
서구 농성동,의원,신세계정신건강의학과의원,1
서구 화정동,의원,복음연합의원,1
서구 치평동,의원,강문항외과의원,1
서구 화정동,의원,아이린의원,1
서구 치평동,의원,필요한정신건강의학과의원,1
서구 풍암동,의원,풍암안과의원,1
서구 풍암동,의원,제일비뇨기과의원,1
서구 치평동,의원,SM미성형외과의원,1
서구 농성동,의원,메디필마취통증의학과의원,1
서구 광천동,의원,정인정신건강의학과의원,1
서구 치평동,의원,우일신경외과의원,1
서구 화정동,의원,소망가정의원,1
서구 금호동,의원,아이안과의원,1
서구 치평동,의원,맑은소리최정섭이비인후과의원,1
서구 치평동,의원,류앤김이비인후과소아과의원,1
서구 치평동,의원,에덴의원,1
서구 화정동,의원,염주정형외과의원,1
서구 농성동,의원,미의원,1
서구 유촌동,의원,신성하내과의원,1
서구 금호동,의원,다나마취통증의학과의원,1
서구 양동,의원,김영곤내과의원,1
서구 풍암동,의원,은혜가정의원,1
서구 화정동,의원,김영남내과의원,1
서구 금호동,의원,상무이비인후과의원,1
서구 화정동,의원,김성배내과의원,1
서구 쌍촌동,의원,미래이비인후과의원,1
서구 양동,의원,강경태내과의원,1
서구 농성동,의원,프레메디산부인과의원,1
서구 농성동,의원,메디필서방사선과의원,1
서구 치평동,의원,문현주산부인과의원,1
서구 쌍촌동,의원,수항외과의원,1
서구 치평동,의원,황준화내과의원,1
서구 금호동,의원,이지은소아과의원,1
서구 금호동,의원,한우리산부인과의원,1
서구 치평동,의원,김앤김 내과의원,1
서구 금호동,의원,고광련이비인후과의원,1
서구 금호동,의원,금호가정의학과의원,1
서구 금호동,의원,은피부과의원,1
서구 금호동,의원,명내과방사선과의원,1
서구 금호동,의원,김장훈안과의원,1
서구 광천동,의원,중앙마취과의원,1
서구 농성동,의원,신세계성형외과의원,1
서구 금호동,의원,좋은비뇨기과의원,1
서구 쌍촌동,의원,빛고을가정의원,1
서구 유촌동,의원,중앙가정의학과의원,1
서구 풍암동,의원,풍암민내과의원,1
서구 치평동,의원,성모안과의원,1
서구 화정동,의원,이내과의원,1
서구 치평동,의원,상무우리내과의원,1
서구 치평동,의원,노진이재활의학과의원,1
서구 금호동,의원,하나이비인후과의원,1
서구 농성동,의원,신세계내과의원,1
서구 유촌동,의원,조소아청소년과의원,1
서구 쌍촌동,의원,자모의원,1
서구 풍암동,의원,풍암이비인후과의원,1
서구 양동,의원,문내과의원,1
서구 농성동,의원,밝은마음정신건강의학과의원,1
서구 화정동,의원,선내과의원,1
서구 풍암동,의원,장현수이비인후과의원,1
서구 금호동,의원,금호이비인후과의원,1
서구 화정동,의원,이정형외과의원,1
서구 화정동,의원,최수미내과의원,1
서구 쌍촌동,의원,고려의원,1
서구 쌍촌동,의원,현대산부인과의원,1
서구 농성동,의원,세브란스마취통증의학과의원,1
서구 화정동,의원,광주정신건강의학과의원,1
서구 화정동,의원,구덕천비뇨기과의원,1
서구 화정동,의원,다나피부과의원,1
서구 금호동,의원,정피부과의원,1
서구 화정동,의원,인성여성의원,1
서구 풍암동,의원,민소아청소년과의원,1
서구 금호동,의원,오원주내과의원,1
서구 농성동,의원,메디필내과의원,1
서구 화정동,의원,변동남안과의원,1
서구 화정동,의원,노임규정신건강의학과의원,1
서구 농성동,의원,조정형외과의원,1
서구 화정동,의원,허성희이비인후과의원,1
서구 양동,의원,양민가정의원,1
서구 농성동,의원,메디필이비인후과의원,1
서구 농성동,의원,(사단법인)한국건강관리협회건강증진의원,1
서구 금호동,의원,서부의원,1
서구 화정동,의원,박영경소아과의원,1
서구 쌍촌동,의원,한마음신경정신과의원,1
서구 농성동,의원,염내과의원,1
남구 진월동,의원,다온유외과의원,1
남구 주월동,의원,리더스비뇨의학과의원,1
남구 진월동,의원,삼성장내과의원,1
남구 봉선동,의원,앞에선비뇨의학과의원,1
남구 진월동,의원,다우리내과의원,1
남구 임암동,의원,위편한내과의원,1
남구 봉선동,의원,복음내과의원,1
남구 봉선동,의원,엘여성의원,1
남구 진월동,의원,행복한신경과의원,1
남구 주월동,의원,벨버티의원,1
남구 봉선동,의원,바른피부과의원,1
남구 진월동,의원,늘푸른외과의원,1
남구 주월동,의원,푸른길의원,1
남구 봉선동,의원,스텔라여성의원,1
남구 주월동,의원,백운탑신경과의원,1
남구 봉선동,의원,탑365비뇨의학과의원,1
남구 봉선동,의원,봉선탑정형외과의원,1
남구 진월동,의원,제이에이치박준희이비인후과의원,1
남구 봉선동,의원,스카이마취통증의학과의원,1
남구 진월동,의원,광주아이안과의원,1
남구 행암동,의원,(재)씨젠의료재단 씨젠광주의원,1
남구 백운동,의원,마디의원,1
남구 임암동,의원,추의원,1
남구 임암동,의원,아이원소아청소년과의원,1
남구 지석동,의원,대촌하나의원,1
남구 방림동,의원,광주미래의원,1
남구 임암동,의원,다니엘의원,1
남구 임암동,의원,굿모닝소아청소년과의원,1
남구 봉선동,의원,로이엘이비인후과의원,1
남구 봉선동,의원,광주에스마취통증의학과의원,1
남구 봉선동,의원,김완혈심내과의원,1
남구 진월동,의원,희망정신건강의학과의원,1
남구 방림동,의원,홍상훈신경과의원,1
남구 주월동,의원,서울성모마취통증의학과의원,1
남구 월산동,의원,위대한내과의원,1
남구 행암동,의원,효천내과의원,1
남구 진월동,의원,이금수내과의원,1
남구 봉선동,의원,오라클피부과의원,1
남구 봉선동,의원,문신경외과의원,1
남구 봉선동,의원,더드림안과의원,1
남구 봉선동,의원,더편한내과의원,1
남구 봉선동,의원,봉선드림소아청소년과의원,1
남구 진월동,의원,압구정에이블의원,1
남구 봉선동,의원,맑은동안의원,1
남구 봉선동,의원,장이편한내과의원,1
남구 봉선동,의원,하이소아청소년과의원,1
남구 주월동,의원,달려라정형외과의원,1
남구 봉선동,의원,은석마취통증의학과의원,1
남구 월산동,의원,마음편한정신건강의학과의원,1
남구 봉선동,의원,마음나눔 정신건강의학과의원,1
남구 월산동,의원,베스트비뇨기과의원,1
남구 월산동,의원,베스트안과의원,1
남구 봉선동,의원,그린여성의원,1
남구 진월동,의원,신세계웰빙의원,1
남구 봉선동,의원,더힐이비인후과의원,1
남구 진월동,의원,물빛피부과의원,1
남구 월산동,의원,우리정신건강의학과의원,1
남구 진월동,의원,아이나래정신건강의학과의원,1
남구 양림동,의원,양림의원,1
남구 백운동,의원,비타민가정의학과의원,1
남구 진월동,의원,호두정형외과의원,1
남구 행암동,의원,리리의원,1
남구 봉선동,의원,튼튼정형외과의원,1
남구 봉선동,의원,플로리다의원,1
남구 주월동,의원,주노필의원,1
남구 월산동,의원,알파마취통증의학과의원,1
남구 백운동,의원,늘편안의원,1
남구 방림동,의원,휴가정의학과의원,1
남구 진월동,의원,예스마취통증의학과의원,1
남구 월산동,의원,BMF의원,1
남구 봉선동,의원,숨편한이비인후과의원,1
남구 진월동,의원,힐링연합의원,1
남구 봉선동,의원,김영조피부과의원,1
남구 진월동,의원,아이안과의원,1
남구 진월동,의원,러브미여성의원,1
남구 진월동,의원,상쾌한이비인후과의원,1
남구 진월동,의원,박래영재활의학과의원,1
남구 노대동,의원,솔가정의학과의원,1
남구 방림동,의원,삼성연합의원,1
남구 봉선동,의원,조은안과의원,1
남구 진월동,의원,친절한신경외과의원,1
남구 노대동,의원,진월연합소아청소년과의원,1
남구 노대동,의원,탑가정의학과의원,1
남구 지석동,의원,대촌서암의원,1
남구 봉선동,의원,드림이비인후과의원,1
남구 봉선동,의원,메디플라워비뇨기과의원,1
남구 진월동,의원,조민석내과의원,1
남구 봉선동,의원,아름다운피부과의원,1
남구 진월동,의원,진아름다운피부과의원,1
남구 진월동,의원,테라필의원,1
남구 월산동,의원,삼성정맥마취통증의학과의원,1
남구 봉선동,의원,유대항외과의원,1
남구 봉선동,의원,조은영산부인과의원,1
남구 월산동,의원,이성채이비인후과의원,1
남구 봉선동,의원,효정형외과의원,1
남구 주월동,의원,클로아의원,1
남구 봉선동,의원,다사랑의원,1
남구 진월동,의원,이상철이비인후과의원,1
남구 진월동,의원,한중의원,1
남구 진월동,의원,애경여성의원,1
남구 봉선동,의원,굿모닝내과의원,1
남구 진월동,의원,하나로신경과의원,1
남구 월산동,의원,우리산부인과의원,1
남구 방림동,의원,다나의원,1
남구 월산동,의원,베스트마취통증의학과의원,1
남구 주월동,의원,권오성의원,1
남구 진월동,의원,밝은내과의원,1
남구 월산동,의원,베스트이비인후과의원,1
남구 월산동,의원,김성희내과의원,1
남구 방림동,의원,포유병리과의원,1
남구 월산동,의원,고희관내과의원,1
남구 봉선동,의원,참사랑가정의학과의원,1
남구 봉선동,의원,메디플라워내과의원,1
남구 진월동,의원,삼선의원,1
남구 봉선동,의원,김경호내과의원,1
남구 백운동,의원,오민석신경외과의원,1
남구 진월동,의원,대한가정의학과의원,1
남구 양림동,의원,이가정의학과의원,1
남구 사동,의원,최승택마취통증의학과의원,1
남구 서동,의원,안영주내과의원,1
남구 월산동,의원,무등가정의학과의원,1
남구 월산동,의원,오재선내과의원,1
남구 월산동,의원,서울내과의원,1
남구 월산동,의원,광주신경외과의원,1
남구 월산동,의원,민상식정형외과의원,1
남구 주월동,의원,참빛안과의원,1
남구 월산동,의원,박세종내과의원,1
남구 백운동,의원,양승진내과의원,1
남구 봉선동,의원,정내과의원,1
남구 봉선동,의원,신이비인후과의원,1
남구 월산동,의원,양동희내과의원,1
남구 주월동,의원,위생내과의원,1
남구 백운동,의원,소망외과의원,1
남구 월산동,의원,전준열피부과의원,1
남구 주월동,의원,반이비인후과의원,1
남구 방림동,의원,연합의원,1
남구 주월동,의원,오평이비인후과의원,1
남구 봉선동,의원,김강호소아청소년과의원,1
남구 주월동,의원,류비뇨기과의원,1
남구 백운동,의원,정맹환정신건강의학과의원,1
남구 주월동,의원,한양연합의원,1
남구 봉선동,의원,사단법인인구보건복지협회광주전남지회가족보건의원,1
남구 백운동,의원,이덕웅소아청소년과의원,1
남구 양림동,의원,김성봉외과의원,1
북구 두암동,의원,광주탑안과의원,1
북구 운암동,의원,늘봄피부과의원,1
북구 신용동,의원,굿이브닝의원,1
북구 용두동,의원,나이스원의원,1
북구 운암동,의원,북광주의원,1
북구 두암동,의원,박승욱내과의원,1
북구 운암동,의원,건강한내과의원,1
북구 두암동,의원,바른김동은신경과의원,1
북구 용봉동,의원,용봉탑마취통증의학과의원,1
북구 두암동,의원,두암참좋은내과의원,1
북구 두암동,의원,두암팔팔정형외과의원,1
북구 운암동,의원,닥터지의원,1
북구 일곡동,의원,일곡88정형외과의원,1
북구 신용동,의원,리움여성의원,1
북구 운암동,의원,수신경과의원,1
북구 운암동,의원,힘내라정형외과의원,1
북구 동림동,의원,좋은내과의원,1
북구 운암동,의원,로아산부인과의원,1
북구 매곡동,의원,화목한정신건강의학과의원,1
북구 용두동,의원,뉴스타정형외과의원,1
북구 문흥동,의원,문흥효자정형외과의원,1
북구 운암동,의원,조형준재활의학과의원,1
북구 매곡동,의원,탄탄정형외과의원,1
북구 매곡동,의원,오케이재활의학과의원,1
북구 일곡동,의원,일곡정신건강의학과의원,1
북구 일곡동,의원,신나는의원,1
북구 우산동,의원,정인철가정의학과의원,1
북구 용두동,의원,위드유소아청소년과의원,1
북구 용두동,의원,텐텐마취통증의학과의원,1
북구 신안동,의원,행복한의원,1
북구 운암동,의원,빛고을재활의학과의원,1
북구 두암동,의원,무등신경외과의원,1
북구 두암동,의원,소문난비뇨의학과의원,1
북구 우산동,의원,신나라의원,1
북구 운암동,의원,따뜻한내과의원,1
북구 운암동,의원,허바킴의원,1
북구 우산동,의원,말바우내과재활의학과의원,1
북구 신용동,의원,올리브소아청소년과의원,1
북구 두암동,의원,두암성실의원,1
북구 운암동,의원,서지연소아청소년과의원,1
북구 오치동,의원,기찬21의원,1
북구 용두동,의원,블레스유외과의원,1
북구 용두동,의원,양산맑은이비인후과의원,1
북구 두암동,의원,건강드림내과의원,1
북구 두암동,의원,123내과의원,1
북구 문흥동,의원,늘푸른연합의원,1
북구 양산동,의원,바른정형외과의원,1
북구 두암동,의원,베스트피부과의원,1
북구 운암동,의원,기린마취통증의학과의원,1
북구 양산동,의원,맑은숨우리내과의원,1
북구 신안동,의원,프라임의원,1
북구 두암동,의원,라온내과의원,1
북구 매곡동,의원,마스터의원,1
북구 연제동,의원,반내과의원,1
북구 용봉동,의원,참조은내과의원,1
북구 두암동,의원,굿닥터의원,1
북구 신용동,의원,손정신건강의학과의원,1
북구 두암동,의원,두암연세연합의원,1
북구 두암동,의원,최정형외과의원,1
북구 양산동,의원,뿌리연합의원,1
북구 오치동,의원,행복을주는 가정의학과의원,1
북구 양산동,의원,청춘의원,1
북구 문흥동,의원,사랑나무의료소비자생활협동조합 사랑의의원,1
북구 양산동,의원,눈에빛안과의원,1
북구 오치동,의원,우리들의원,1
북구 운암동,의원,한빛정신건강의학과의원,1
북구 두암동,의원,예쁜소아청소년과의원,1
북구 운암동,의원,운암미소의원,1
북구 우산동,의원,임원섭내과의원,1
북구 양산동,의원,마디정형외과의원,1
북구 양산동,의원,밸런스의원,1
북구 매곡동,의원,하이재활의학과의원,1
북구 연제동,의원,탑팀재활의학과의원,1
북구 용두동,의원,참편한마취통증의학과의원,1
북구 두암동,의원,미모의원,1
북구 신용동,의원,아이생각소아청소년과의원,1
북구 두암동,의원,다나수의원,1
북구 오룡동,의원,에이스병리과의원,1
북구 두암동,의원,참고은피부과의원,1
북구 본촌동,의원,박일구내과의원,1
북구 두암동,의원,제일튼튼의원,1
북구 양산동,의원,삼성탑내과의원,1
북구 신용동,의원,은혜마취통증의학과의원,1
북구 양산동,의원,오라클피부과의원,1
북구 운암동,의원,동서하나로의원,1
북구 본촌동,의원,허리케인의원,1
북구 신용동,의원,이지에이피부과의원,1
북구 우산동,의원,누가의원,1
북구 매곡동,의원,조은택내과의원,1
북구 매곡동,의원,마디척의원,1
북구 신용동,의원,라인의원,1
북구 누문동,의원,맑은머리김동욱신경과의원,1
북구 신용동,의원,미코이비인후과의원,1
북구 오치동,의원,오치오케이정형외과의원,1
북구 신용동,의원,첨단베스트내과의원,1
북구 신용동,의원,김준성이비인후과의원,1
북구 두암동,의원,한길마취통증의학과의원,1
북구 신용동,의원,첨단대항외과의원,1
북구 두암동,의원,참조은안과의원,1
북구 운암동,의원,리안의원,1
북구 운암동,의원,OK의원,1
북구 용두동,의원,광주내과의원,1
북구 중흥동,의원,차만진가정의학과의원,1
북구 누문동,의원,광주헬스케어의원,1
북구 본촌동,의원,시원한정형외과의원,1
북구 운암동,의원,다올이비인후과의원,1
북구 운암동,의원,한빛안과의원,1
북구 운암동,의원,허(Her)산부인과의원,1
북구 용봉동,의원,오케이현대의원,1
북구 운암동,의원,아이숲소아청소년과의원,1
북구 용봉동,의원,굿페이스의원,1
북구 문흥동,의원,코코이비인후과의원,1
북구 매곡동,의원,장엔조은내과의원,1
북구 신안동,의원,에이치(H)메디컬의원,1
북구 매곡동,의원,위대항외과의원,1
북구 신용동,의원,첨단가족연합의원,1
북구 운암동,의원,베스트마취통증의학과의원,1
북구 운암동,의원,의료법인녹십자의료재단광주녹십자의원,1
북구 우산동,의원,동부정형외과의원,1
북구 운암동,의원,드림정형외과의원,1
북구 우산동,의원,고운빛안과의원,1
북구 운암동,의원,오성훈피부과의원,1
북구 양산동,의원,양산보람산부인과의원,1
북구 매곡동,의원,수연합의원,1
북구 운암동,의원,김해송이비인후과의원,1
북구 두암동,의원,샤인성형외과의원,1
북구 각화동,의원,미소의원,1
북구 운암동,의원,운암이비인후과의원,1
북구 본촌동,의원,최종선이비인후과의원,1
북구 일곡동,의원,현소아청소년과의원,1
북구 매곡동,의원,참좋은피부과의원,1
북구 양산동,의원,화인가정의학과의원,1
북구 문흥동,의원,열린의원,1
북구 두암동,의원,사랑내과의원,1
북구 각화동,의원,하수호마취통증의학과의원,1
북구 오치동,의원,서울정형외과의원,1
북구 두암동,의원,곽내과의원,1
북구 우산동,의원,나눔재활의학과의원,1
북구 매곡동,의원,우리들의원,1
북구 매곡동,의원,송향산부인과의원,1
북구 매곡동,의원,광주속편한내과의원,1
북구 풍향동,의원,광주탑내과의원,1
북구 두암동,의원,효성연합의원,1
북구 양산동,의원,연제우리들의원,1
북구 양산동,의원,우리마취통증의학과의원,1
북구 양산동,의원,윤비뇨기과의원,1
북구 동림동,의원,현대연합의원,1
북구 풍향동,의원,한빛마취통증의학과의원,1
북구 우산동,의원,임비뇨기과의원,1
북구 일곡동,의원,임명수내과의원,1
북구 매곡동,의원,(의) 열린의료재단 한마음의원,1
북구 운암동,의원,국내과의원,1
북구 일곡동,의원,소망내과의원,1
북구 문흥동,의원,바른안과의원,1
북구 우산동,의원,권갑수마취통증의학과의원,1
북구 두암동,의원,표경식정신건강의학과의원,1
북구 문흥동,의원,참조은가정의학과의원,1
북구 용봉동,의원,우리연합의원,1
북구 중흥동,의원,몸&마음마취통증의학과의원,1
북구 오치동,의원,삼각연합의원,1
북구 매곡동,의원,밝은안과21의원,1
북구 매곡동,의원,한빛신경외과의원,1
북구 용봉동,의원,안이비인후과의원,1
북구 중흥동,의원,양대현내과의원,1
북구 매곡동,의원,한솔내과의원,1
북구 매곡동,의원,21세기비뇨기과의원,1
북구 문흥동,의원,한양재활의학과의원,1
북구 매곡동,의원,김계혁내과의원,1
북구 우산동,의원,빛고을이비인후과의원,1
북구 오치동,의원,장수연합의원,1
북구 풍향동,의원,광주탑정형외과의원,1
북구 운암동,의원,새하나의원,1
북구 오치동,의원,해맑은정신건강의학과의원,1
북구 문흥동,의원,중앙의원,1
북구 문흥동,의원,한사랑가정의학과의원,1
북구 각화동,의원,동광주내과의원,1
북구 우산동,의원,제일정신건강의학과의원,1
북구 일곡동,의원,이강덕이비인후과의원,1
북구 두암동,의원,두암내과의원,1
북구 일곡동,의원,밝은피부과의원,1
북구 삼각동,의원,좋은가정의학과의원,1
북구 운암동,의원,맑은피부과의원,1
북구 두암동,의원,제일의원,1
북구 운암동,의원,더나은마취통증의학과의원,1
북구 풍향동,의원,백림가정의원,1
북구 문흥동,의원,대영피부과의원,1
북구 운암동,의원,장의수재활의학과의원,1
북구 일곡동,의원,푸른가정의학과의원,1
북구 일곡동,의원,일곡정형외과의원,1
북구 운암동,의원,참사랑정신건강의학과의원,1
북구 두암동,의원,무등정신건강의학과의원,1
북구 문흥동,의원,속이편한내과의원,1
북구 일곡동,의원,박정희산부인과의원,1
북구 운암동,의원,이홍규내과의원,1
북구 양산동,의원,양산연합의원,1
북구 운암동,의원,맑은눈안과의원,1
북구 오치동,의원,신철마취통증의학과의원,1
북구 두암동,의원,닥터스마취통증의학과의원,1
북구 두암동,의원,365열린가정의원,1
북구 양산동,의원,박이비인후과의원,1
북구 용두동,의원,진내과의원,1
북구 용봉동,의원,진가정의학과의원,1
북구 두암동,의원,김봉운재활의학과의원,1
북구 일곡동,의원,이승배내과의원,1
북구 우산동,의원,진제통의원,1
북구 문흥동,의원,심비뇨기과의원,1
북구 각화동,의원,오가정의학과의원,1
북구 문흥동,의원,기장도내과의원,1
북구 용봉동,의원,제일가정의학과의원,1
북구 신용동,의원,김의원,1
북구 신안동,의원,광주연합내과의원,1
북구 운암동,의원,조규웅내과의원,1
북구 동림동,의원,동림가정의학과의원,1
북구 운암동,의원,최경상내과의원,1
북구 문흥동,의원,정가는의원,1
북구 일곡동,의원,국태진이비인후과의원,1
북구 양산동,의원,선내과의원,1
북구 운암동,의원,장은주산부인과의원,1
북구 오치동,의원,장가정의학과의원,1
북구 운암동,의원,고운피부과의원,1
북구 우산동,의원,현대남선비뇨기과의원,1
북구 오치동,의원,이명곤내과의원,1
북구 운암동,의원,대한외과의원,1
북구 우산동,의원,양정신건강의학과의원,1
북구 동림동,의원,홍성호가정의학과의원,1
북구 우산동,의원,무등이비인후과의원,1
북구 두암동,의원,정가정의학과의원,1
북구 오치동,의원,유병전내과의원,1
북구 문흥동,의원,정내과의원,1
북구 풍향동,의원,고천석정신건강의학과의원,1
북구 우산동,의원,무등안과의원,1
북구 오치동,의원,류호정내과의원,1
북구 문흥동,의원,무등외과의원,1
북구 문흥동,의원,강신주내과의원,1
북구 문흥동,의원,최사영소아과의원,1
북구 우산동,의원,김봉주비뇨기과의원,1
북구 중흥동,의원,권희식내과의원,1
북구 우산동,의원,김형원내과의원,1
북구 두암동,의원,동문외과의원,1
북구 두암동,의원,임동명이비인후과의원,1
북구 두암동,의원,조정곤내과의원,1
북구 운암동,의원,김상도내과의원,1
북구 두암동,의원,한독정형외과의원,1
북구 운암동,의원,이화산부인과의원,1
북구 일곡동,의원,이평택안과의원,1
북구 운암동,의원,민비뇨기과의원,1
북구 운암동,의원,양효구외과의원,1
북구 유동,의원,문철훈신경정신과의원,1
북구 오치동,의원,장원준이비인후과의원,1
북구 동림동,의원,구승룡이비인후과의원,1
북구 운암동,의원,조순흠이비인후과의원,1
북구 운암동,의원,홍경표내과의원,1
북구 두암동,의원,김현옥산부인과의원,1
북구 문흥동,의원,조성운이비인후과의원,1
북구 우산동,의원,허윤내과의원,1
북구 두암동,의원,윤이호의원,1
북구 풍향동,의원,조병권내과의원,1
북구 풍향동,의원,한독내과의원,1
북구 우산동,의원,그린피부과의원,1
북구 운암동,의원,문재선내과의원,1
북구 운암동,의원,조성일산부인과의원,1
북구 유동,의원,천주의성요한의원,1
북구 동림동,의원,오현주의원,1
북구 임동,의원,삼일의원,1
북구 유동,의원,김광록외과의원,1
광산구 우산동,의원,비엘의원,1
광산구 수완동,의원,청춘신경과의원,1
광산구 장덕동,의원,오라클피부과의원,1
광산구 우산동,의원,유경완내과의원,1
광산구 하남동,의원,하남우리이비인후과의원,1
광산구 쌍암동,의원,장정환외과의원,1
광산구 월곡동,의원,월곡고려의원,1
광산구 수완동,의원,가슴튼튼내과의원,1
광산구 장덕동,의원,스마일내과의원,1
광산구 우산동,의원,우리동네의원,1
광산구 송정동,의원,현가정의학과의원,1
광산구 신가동,의원,신가우리내과의원,1
광산구 수완동,의원,수완탑정형외과의원,1
광산구 우산동,의원,근로복지공단 광주의원,1
광산구 월계동,의원,빛고을정형외과의원,1
광산구 운남동,의원,그레이스여성의원,1
광산구 수완동,의원,수완탑내과의원,1
광산구 우산동,의원,천재활의학과의원,1
광산구 선암동,의원,하이코코이비인후과의원,1
광산구 운남동,의원,윤정신건강의학과의원,1
광산구 도산동,의원,든든한송도의원,1
광산구 신창동,의원,나정엽재활의학과의원,1
광산구 장덕동,의원,하하호호마취통증의학과의원,1
광산구 월계동,의원,셀피부과의원,1
광산구 송정동,의원,행복의원,1
광산구 송정동,의원,서울탑내과의원,1
광산구 쌍암동,의원,첨단밝은얼굴피부과의원,1
광산구 송정동,의원,송정성심정형외과의원,1
광산구 선암동,의원,다솜소아청소년과의원,1
광산구 쌍암동,의원,첨단우덕수내과의원,1
광산구 쌍암동,의원,한비뇨기과의원,1
광산구 쌍암동,의원,일등정형외과의원,1
광산구 수완동,의원,하이맨비뇨의학과의원,1
광산구 송정동,의원,튼튼마취통증의학과의원,1
광산구 장덕동,의원,청담리브의원,1
광산구 산정동,의원,김미정소아청소년과의원,1
광산구 신가동,의원,바른내과의원,1
광산구 우산동,의원,참편한내과의원,1
광산구 운남동,의원,한사랑비뇨의학과의원,1
광산구 우산동,의원,시원한마취통증의학과의원,1
광산구 월계동,의원,이봉규내과의원,1
광산구 쌍암동,의원,첨단메디케어의원,1
광산구 하남동,의원,이연정신건강의학과의원,1
광산구 하남동,의원,더편한정형외과의원,1
광산구 수완동,의원,피어랑의원,1
광산구 수완동,의원,세가지소원의원,1
광산구 운남동,의원,운남으랏차마취통증의학과의원,1
광산구 수완동,의원,수완SW의원,1
광산구 송정동,의원,송정마취통증의학과의원,1
광산구 송정동,의원,최고안과의원,1
광산구 신창동,의원,늘편한내과의원,1
광산구 우산동,의원,5튼튼의원,1
광산구 장덕동,의원,웰의원,1
광산구 수완동,의원,바른안과의원,1
광산구 월계동,의원,첨단은내과의원,1
광산구 비아동,의원,비아연합내과의원,1
광산구 장덕동,의원,금강신경외과의원,1
광산구 산정동,의원,더드림내과의원,1
광산구 수완동,의원,퍼스트이비인후과의원,1
광산구 수완동,의원,JM의원,1
광산구 수완동,의원,서울위드유외과의원,1
광산구 운남동,의원,뉴코끼리튼튼의원,1
광산구 장덕동,의원,휴정신건강의학과의원,1
광산구 장덕동,의원,시원외과의원,1
광산구 월곡동,의원,행복플러스의원,1
광산구 우산동,의원,수내과의원,1
광산구 장덕동,의원,웰정신건강의학과의원,1
광산구 선암동,의원,이지안소아청소년과의원,1
광산구 운남동,의원,행복한이비인후과의원,1
광산구 선암동,의원,드림아이내과의원,1
광산구 장덕동,의원,세계로비뇨의학과의원,1
광산구 수완동,의원,본내과의원,1
광산구 장덕동,의원,미앤메디의원,1
광산구 신창동,의원,잘본정형외과의원,1
광산구 월곡동,의원,수피부과의원,1
광산구 월계동,의원,굿모닝비뇨기과의원,1
광산구 수완동,의원,비쥬여성산부인과의원,1
광산구 하산동,의원,복음기독의원,1
광산구 월곡동,의원,생생마취통증의학과의원,1
광산구 장덕동,의원,박지현산부인과의원,1
광산구 월계동,의원,강남더원의원,1
광산구 수완동,의원,뷰티라인의원,1
광산구 송정동,의원,새하얀피부과의원,1
광산구 장덕동,의원,플러스내과영상의학과의원,1
광산구 월곡동,의원,행복나눔가정의학과의원,1
광산구 우산동,의원,휴편한연합의원,1
광산구 운남동,의원,박주형내과의원,1
광산구 월계동,의원,케이알의원,1
광산구 수완동,의원,위드정신건강의학과의원,1
광산구 장덕동,의원,수완하얀피부과의원,1
광산구 쌍암동,의원,첨단제일의원,1
광산구 도산동,의원,희망찬가정의학과의원,1
광산구 장덕동,의원,베스트이비인후과의원,1
광산구 장덕동,의원,수안과의원,1
광산구 수완동,의원,미래항외과의원,1
광산구 신가동,의원,어등산가정의학과의원,1
광산구 비아동,의원,아나파의원,1
광산구 신가동,의원,더고은선의원,1
광산구 송정동,의원,건강미현대웰빙의원,1
광산구 신창동,의원,한결내과의원,1
광산구 장덕동,의원,그린필소아청소년과의원,1
광산구 수완동,의원,케이스타의원,1
광산구 송정동,의원,한마음마취통증의학과의원,1
광산구 장덕동,의원,센텀이비인후과의원,1
광산구 월계동,의원,첨단정가정의학과의원,1
광산구 월계동,의원,첨단미즈여성의원,1
광산구 수완동,의원,밝은얼굴피부과의원,1
광산구 장덕동,의원,베스트가정의학과의원,1
광산구 수완동,의원,더블유소아청소년과의원,1
광산구 수완동,의원,큰별소아청소년과의원,1
광산구 수완동,의원,비쥬여성의원,1
광산구 수완동,의원,최원내과의원,1
광산구 월곡동,의원,명안과의원,1
광산구 월계동,의원,고은미래의원,1
광산구 수완동,의원,닥터지의원,1
광산구 운남동,의원,박종귀신경과의원,1
광산구 우산동,의원,광주비뇨기과의원,1
광산구 신가동,의원,김정은산부인과의원,1
광산구 도산동,의원,성심의원,1
광산구 하남동,의원,첨단박유환내과의원,1
광산구 송정동,의원,실로암의원,1
광산구 송정동,의원,임신경외과의원,1
광산구 신가동,의원,양한모이비인후과의원,1
광산구 쌍암동,의원,첨단즐거운내과의원,1
광산구 운남동,의원,하나의원,1
광산구 신창동,의원,연우가정의학과의원,1
광산구 쌍암동,의원,밝은미래안과의원,1
광산구 쌍암동,의원,첨단현대이비인후과의원,1
광산구 신창동,의원,정해율키즈엔젤소아청소년과의원,1
광산구 송정동,의원,신세화산부인과의원,1
광산구 신창동,의원,퀸즈산부인과의원,1
광산구 임곡동,의원,연세의원,1
광산구 신창동,의원,하얀피부과의원,1
광산구 월계동,의원,보라안과의원,1
광산구 신창동,의원,백준이비인후과의원,1
광산구 우산동,의원,수가정의학과의원,1
광산구 도산동,의원,기독가정의학과의원,1
광산구 신창동,의원,한결신경외과의원,1
광산구 소촌동,의원,전용범정형외과의원,1
광산구 신창동,의원,유이비인후과의원,1
광산구 월계동,의원,맨앤우먼의원,1
광산구 신창동,의원,현대소아청소년과의원,1
광산구 월계동,의원,미래통증의학과의원,1
광산구 월계동,의원,임현정산부인과의원,1
광산구 신가동,의원,최성란산부인과의원,1
광산구 월계동,의원,속편한내과의원,1
광산구 운남동,의원,밝은임안과의원,1
광산구 송정동,의원,탑이비인후과의원,1
광산구 월곡동,의원,명비뇨기과의원,1
광산구 월계동,의원,신안의원,1
광산구 송정동,의원,송정베스트의원,1
광산구 운남동,의원,베스트정형외과의원,1
광산구 소촌동,의원,소촌연합의원,1
광산구 송정동,의원,효통증의학과의원,1
광산구 월계동,의원,코코이비인후과의원,1
광산구 송정동,의원,이내과의원,1
광산구 월곡동,의원,김재준이비인후과의원,1
광산구 월곡동,의원,박내과의원,1
광산구 월곡동,의원,이지산부인과의원,1
광산구 월곡동,의원,미래여성산부인과의원,1
광산구 흑석동,의원,사)대한산업보건협회부설전남의원,1
광산구 운남동,의원,목화산부인과의원,1
광산구 월계동,의원,우리소아청소년과의원,1
광산구 송정동,의원,정승문내과의원,1
광산구 월계동,의원,가족건강의원,1
광산구 소촌동,의원,박가정의학과의원,1
광산구 월곡동,의원,키큰나무소아청소년과의원,1
광산구 월계동,의원,미모아피부과의원,1
광산구 신가동,의원,나한조이비인후과의원,1
광산구 운남동,의원,기쁨소아청소년과의원,1
광산구 운남동,의원,하나로이비인후과의원,1
광산구 운남동,의원,운남푸른소아청소년과의원,1
광산구 신가동,의원,소망의원,1
광산구 신가동,의원,한빛내과의원,1
광산구 우산동,의원,건강가정의학과의원,1
광산구 월곡동,의원,이하린의원,1
광산구 운남동,의원,양주열내과의원,1
광산구 쌍암동,의원,복음안과의원,1
광산구 쌍암동,의원,강내과의원,1
광산구 쌍암동,의원,강피부과의원,1
광산구 쌍암동,의원,성정희산부인과의원,1
광산구 송정동,의원,연세내과의원,1
광산구 운남동,의원,목화소아청소년과의원,1
광산구 송정동,의원,호산내과의원,1
광산구 월계동,의원,임채선내과의원,1
광산구 운남동,의원,박가정의학과의원,1
광산구 운남동,의원,라파엘의원,1
광산구 우산동,의원,조가정의학과의원,1
광산구 송정동,의원,이선영피부과의원,1
광산구 운남동,의원,운남피부과의원,1
광산구 송정동,의원,광산이비인후과의원,1
광산구 송정동,의원,위대철내과의원,1
광산구 운남동,의원,연합외과의원,1
광산구 옥동,의원,평동방부의원,1
광산구 운남동,의원,오내과의원,1
광산구 운남동,의원,전이비인후과의원,1
광산구 월계동,의원,미래이비인후과의원,1
광산구 송정동,의원,안비뇨기과의원,1
광산구 월계동,의원,첨단연합내과의원,1
광산구 비아동,의원,서울성심의원,1
광산구 우산동,의원,최선필피부과의원,1
광산구 월곡동,의원,박형선이비인후과의원,1
광산구 월곡동,의원,전인석내과의원,1
광산구 송정동,의원,최정신건강의학과의원,1
광산구 월곡동,의원,한정렬내과의원,1
광산구 우산동,의원,김주휘소아청소년과의원,1
광산구 월곡동,의원,정외과의원,1
광산구 송정동,의원,임산부인과의원,1
광산구 송정동,의원,동서의원,1
동구 용산동,정신병원,광주소망병원,1
동구 운림동,정신병원,청심병원,1
동구 용산동,정신병원,기독정신건강병원,1
서구 벽진동,정신병원,(의료법인)다사랑병원,1
남구 백운동,정신병원,광주제일병원,1
북구 유동,정신병원,천주의성요한병원,1
광산구 신창동,정신병원,신창사랑병원,1
광산구 삼거동,정신병원,광주시립정신병원,1
동구 학동,종합병원,전남대학교병원,1
동구 서석동,종합병원,조선대학교병원,1
서구 광천동,종합병원,선한병원,1
서구 치평동,종합병원,상무병원,1
서구 쌍촌동,종합병원,광주한국병원,1
서구 금호동,종합병원,서광병원,1
서구 화정동,종합병원,미래로21병원,1
남구 덕남동,종합병원,빛고을전남대학교병원,1
남구 진월동,종합병원,광주씨티병원,1
남구 백운동,종합병원,동아병원,1
남구 양림동,종합병원,광주기독병원,1
북구 운암동,종합병원,운암한국병원,1
북구 용두동,종합병원,광주희망병원,1
북구 일곡동,종합병원,광주일곡병원,1
북구 유동,종합병원,해피뷰병원,1
북구 두암동,종합병원,광주병원,1
북구 용봉동,종합병원,광주현대병원,1
광산구 수완동,종합병원,KS병원,1
광산구 수완동,종합병원,광주수완병원,1
광산구 신가동,종합병원,신가병원,1
광산구 쌍암동,종합병원,첨단종합병원,1
광산구 장덕동,종합병원,하남성심병원,1
광산구 산월동,종합병원,광주보훈병원,1
동구 서석동,치과병원,조선대학교치과병원,1
서구 쌍촌동,치과병원,스마트원치과병원,1
서구 치평동,치과병원,서울 에스치과병원,1
서구 치평동,치과병원,예인원치과병원,1
서구 치평동,치과병원,상무스타치과병원,1
서구 내방동,치과병원,기아치과병원,1
서구 농성동,치과병원,서울화이트치과병원,1
서구 금호동,치과병원,명인치과병원,1
서구 치평동,치과병원,미르치과병원,1
남구 봉선동,치과병원,광주아이비치과병원,1
북구 각화동,치과병원,서울프라임365치과병원,1
북구 용봉동,치과병원,전남대학교치과병원,1
광산구 쌍암동,치과병원,첨단미르치과병원,1
광산구 신가동,치과병원,수완더치과병원,1
광산구 월계동,치과병원,에스엠치과병원,1
동구 대인동,치과의원,금남플란트치과의원,1
동구 산수동,치과의원,아이온치과의원,1
동구 계림동,치과의원,휴플란트치과의원,1
동구 학동,치과의원,치우치과의원,1
동구 계림동,치과의원,모두의미소치과의원,1
동구 용산동,치과의원,새빛치과의원,1
동구 학동,치과의원,광주명문치과의원,1
동구 금남로1가,치과의원,박치과의원,1
동구 학동,치과의원,아이파크미치과의원,1
동구 학동,치과의원,바른플란트치과의원,1
동구 대인동,치과의원,대중치과의원,1
동구 산수동,치과의원,동경U치과의원,1
동구 소태동,치과의원,동아치과의원,1
동구 장동,치과의원,W화이트치과의원,1
동구 산수동,치과의원,하나치과의원,1
동구 지산동,치과의원,전승범치과의원,1
동구 학동,치과의원,미래치과의원,1
동구 계림동,치과의원,최치과의원,1
동구 계림동,치과의원,이상국치과의원,1
동구 금남로5가,치과의원,허영철치과의원,1
동구 계림동,치과의원,바른생각차승래치과의원,1
동구 산수동,치과의원,정앤양치과의원,1
동구 학동,치과의원,유디치과의원,1
동구 산수동,치과의원,코스모스치과의원,1
동구 서석동,치과의원,오킴스치과의원,1
동구 금남로5가,치과의원,조진우치과의원,1
동구 산수동,치과의원,부부치과의원,1
동구 충장로4가,치과의원,임금치과의원,1
동구 계림동,치과의원,김병호치과의원,1
동구 서석동,치과의원,안치과의원,1
동구 금남로4가,치과의원,예인원치과의원,1
동구 지산동,치과의원,지산치과의원,1
동구 산수동,치과의원,김치과의원,1
동구 학동,치과의원,서정치과의원,1
동구 금동,치과의원,김동호치과의원,1
동구 계림동,치과의원,이석종치과의원,1
동구 산수동,치과의원,전상운치과의원,1
동구 운림동,치과의원,주찬양치과의원,1
동구 소태동,치과의원,엔젤치과의원,1
동구 금남로2가,치과의원,고정석치과교정과치과의원,1
동구 산수동,치과의원,조형수치과의원,1
동구 대인동,치과의원,이성재치과의원,1
동구 서석동,치과의원,한빛치과의원,1
동구 충장로2가,치과의원,손치과의원,1
동구 대인동,치과의원,대인치과의원,1
동구 계림동,치과의원,양치과의원,1
동구 금남로2가,치과의원,대한치과의원,1
동구 학동,치과의원,평화치과의원,1
동구 금남로2가,치과의원,최영욱치과의원,1
동구 충장로1가,치과의원,김기식치과의원,1
동구 학동,치과의원,학동연세치과의원,1
동구 대인동,치과의원,박애치과의원,1
동구 금남로2가,치과의원,박행조치과의원,1
동구 대인동,치과의원,김신도치과의원,1
동구 충장로5가,치과의원,장기영치과의원,1
동구 금남로4가,치과의원,로머스치과의원,1
동구 황금동,치과의원,박종수치과의원,1
동구 남동,치과의원,강치과의원,1
서구 치평동,치과의원,조은미소치과의원,1
서구 치평동,치과의원,유디상무치과의원,1
서구 치평동,치과의원,치우치과의원(상무점),1
서구 치평동,치과의원,세은치과의원,1
서구 금호동,치과의원,바른율치과의원,1
서구 치평동,치과의원,가지런e치과교정과치과의원,1
서구 광천동,치과의원,당신의 치과의원,1
서구 화정동,치과의원,바른수치과의원,1
서구 마륵동,치과의원,상무수치과의원,1
서구 마륵동,치과의원,조은에스치과의원,1
서구 화정동,치과의원,화정연치과의원,1
서구 화정동,치과의원,무지개치과의원,1
서구 쌍촌동,치과의원,뿌리치과의원,1
서구 광천동,치과의원,광천이치과의원,1
서구 쌍촌동,치과의원,휴치과의원,1
서구 풍암동,치과의원,라인치과의원,1
서구 광천동,치과의원,에스디치과교정과치과의원,1
서구 화정동,치과의원,오늘안치과의원,1
서구 농성동,치과의원,탑치과교정과 치과의원,1
서구 치평동,치과의원,연세미 치과의원,1
서구 풍암동,치과의원,예인치과의원,1
서구 매월동,치과의원,손이치과의원,1
서구 화정동,치과의원,상쾌한치과의원,1
서구 화정동,치과의원,제이탑치과의원,1
서구 치평동,치과의원,제이엘치과의원,1
서구 치평동,치과의원,더블엠구강악안면외과치과의원,1
서구 치평동,치과의원,세움치과의원,1
서구 금호동,치과의원,금호치과의원,1
서구 광천동,치과의원,광주신세계치과의원,1
서구 풍암동,치과의원,굿모닝치과의원,1
서구 농성동,치과의원,선이고운 치과교정과 치과의원,1
서구 화정동,치과의원,우리동네치과의원,1
서구 치평동,치과의원,굿스마일치과교정과치과의원,1
서구 광천동,치과의원,인하루치과의원,1
서구 치평동,치과의원,위드미치과의원,1
서구 농성동,치과의원,이건치과의원,1
서구 쌍촌동,치과의원,고우니치과의원,1
서구 금호동,치과의원,소치과의원,1
서구 치평동,치과의원,피카소 치과의원,1
서구 화정동,치과의원,함께웃는치과의원,1
서구 치평동,치과의원,소망치과의원,1
서구 금호동,치과의원,클리브랜드치과교정과치과의원,1
서구 치평동,치과의원,스페셜치과의원,1
서구 치평동,치과의원,이영석치과의원,1
서구 금호동,치과의원,훈치과의원,1
서구 동천동,치과의원,동림구구치과의원,1
서구 금호동,치과의원,이플치과의원,1
서구 풍암동,치과의원,권플란트치과의원,1
서구 치평동,치과의원,고른이치과의원,1
서구 금호동,치과의원,금호보스톤치과의원,1
서구 풍암동,치과의원,엘가치과의원,1
서구 동천동,치과의원,이지플란트치과의원,1
서구 화정동,치과의원,향기로운사과나무치과의원,1
서구 치평동,치과의원,상무치과의원,1
서구 치평동,치과의원,탑플란트치과의원,1
서구 동천동,치과의원,예담치과의원,1
서구 동천동,치과의원,조이치과의원,1
서구 쌍촌동,치과의원,기쁨가득치과의원,1
서구 치평동,치과의원,지국섭치과의원,1
서구 치평동,치과의원,광주이플러스치과의원,1
서구 농성동,치과의원,(사단법인) 한국건강관리협회건강증진치과의원,1
서구 금호동,치과의원,e-바른치과의원,1
서구 금호동,치과의원,사랑애치과의원,1
서구 쌍촌동,치과의원,광주주사랑치과의원,1
서구 치평동,치과의원,뉴욕연합치과의원,1
서구 풍암동,치과의원,래미안치과의원,1
서구 동천동,치과의원,동림우리치과의원,1
서구 화정동,치과의원,김재영치과의원,1
서구 동천동,치과의원,동림웰치과의원,1
서구 쌍촌동,치과의원,e-클린치과의원,1
서구 화정동,치과의원,최웅진치과의원,1
서구 화정동,치과의원,온유치과의원,1
서구 금호동,치과의원,이창섭치과의원,1
서구 풍암동,치과의원,푸른하늘치과의원,1
서구 금호동,치과의원,금호꼬마이치과의원,1
서구 치평동,치과의원,금강치과의원,1
서구 쌍촌동,치과의원,김동준치과의원,1
서구 동천동,치과의원,미플러스치과의원,1
서구 금호동,치과의원,자이치과의원,1
서구 농성동,치과의원,이형범치과의원,1
서구 치평동,치과의원,파란치과의원,1
서구 풍암동,치과의원,이조은치과의원,1
서구 화정동,치과의원,이상열치과의원,1
서구 화정동,치과의원,이든치과의원,1
서구 농성동,치과의원,메디필치과의원,1
서구 쌍촌동,치과의원,탑치과의원,1
서구 화정동,치과의원,미래로21치과의원,1
서구 화정동,치과의원,참사랑치과의원,1
서구 치평동,치과의원,반석치과교정과구강악안면외과치과의원,1
서구 치평동,치과의원,꼬마이치과의원,1
서구 치평동,치과의원,정부부치과의원,1
서구 치평동,치과의원,은혜치과의원,1
서구 금호동,치과의원,연세민치과의원,1
서구 풍암동,치과의원,두리치과의원,1
서구 금호동,치과의원,비손치과의원,1
서구 내방동,치과의원,고운이치과의원,1
서구 풍암동,치과의원,해맑은치과의원,1
서구 치평동,치과의원,홍익치과의원,1
서구 쌍촌동,치과의원,다사랑치과의원,1
서구 쌍촌동,치과의원,미래치과의원,1
서구 금호동,치과의원,미소치과의원,1
서구 풍암동,치과의원,즐거운치과의원,1
서구 화정동,치과의원,우승관치과의원,1
서구 풍암동,치과의원,미소를드림치과의원,1
서구 화정동,치과의원,박남웅치과의원,1
서구 화정동,치과의원,한마음치과의원,1
서구 치평동,치과의원,상무바른이치과의원,1
서구 화정동,치과의원,한사랑치과의원,1
서구 풍암동,치과의원,온누리치과의원,1
서구 화정동,치과의원,대정치과의원,1
서구 유촌동,치과의원,버들치과의원,1
서구 쌍촌동,치과의원,인치과의원,1
서구 풍암동,치과의원,장이문 치과교정과 치과의원,1
서구 금호동,치과의원,문태수치과의원,1
서구 치평동,치과의원,한스치과의원,1
서구 농성동,치과의원,효치과의원,1
서구 유촌동,치과의원,허웅치과의원,1
서구 금호동,치과의원,늘푸른치과의원,1
서구 금호동,치과의원,류종회치과의원,1
서구 농성동,치과의원,이지치과의원,1
서구 치평동,치과의원,정보애치과의원,1
서구 치평동,치과의원,샘치과의원,1
서구 쌍촌동,치과의원,광주한국치과의원,1
서구 화정동,치과의원,오필교치과의원,1
서구 화정동,치과의원,염주치과의원,1
서구 금호동,치과의원,마장선치과의원,1
서구 금호동,치과의원,이사랑치과의원,1
서구 금호동,치과의원,새한치과의원,1
서구 쌍촌동,치과의원,청아치과의원,1
서구 농성동,치과의원,임동진치과의원,1
서구 치평동,치과의원,대광치과의원,1
서구 양동,치과의원,노경완치과의원,1
서구 치평동,치과의원,김원택치과의원,1
서구 쌍촌동,치과의원,조영종치과의원,1
서구 화정동,치과의원,최진영치과의원,1
서구 광천동,치과의원,형치과의원,1
서구 치평동,치과의원,유시봉치과의원,1
서구 농성동,치과의원,조상훈치과의원,1
서구 화정동,치과의원,조현석치과의원,1
서구 쌍촌동,치과의원,장두익치과의원,1
서구 양동,치과의원,임영석치과의원,1
서구 유촌동,치과의원,김재덕치과의원,1
서구 화정동,치과의원,이재균치과의원,1
서구 화정동,치과의원,화정치과의원,1
서구 농성동,치과의원,공영길치과의원,1
남구 진월동,치과의원,봄봄아이치과의원,1
남구 주월동,치과의원,이사금치과의원,1
남구 지석동,치과의원,김종기치과의원,1
남구 방림동,치과의원,영재치과의원,1
남구 임암동,치과의원,이드림치과의원,1
남구 임암동,치과의원,곰돌이소아치과의원,1
남구 진월동,치과의원,진월우리치과의원,1
남구 임암동,치과의원,하늘과 바람과 별과 치과의원,1
남구 주월동,치과의원,광주라온치과의원,1
남구 봉선동,치과의원,봉선e치과의원,1
남구 봉선동,치과의원,아름다운e치과교정과치과의원,1
남구 진월동,치과의원,엘치과의원,1
남구 월산동,치과의원,선플란트치과의원,1
남구 백운동,치과의원,빛고을치과의원,1
남구 진월동,치과의원,연세수치과의원,1
남구 월산동,치과의원,브니엘치과의원,1
남구 봉선동,치과의원,마음애치과의원,1
남구 봉선동,치과의원,킹덤치과의원,1
남구 진월동,치과의원,베스트필치과의원,1
남구 진월동,치과의원,드림치과의원,1
남구 주월동,치과의원,살구나무치과의원,1
남구 행암동,치과의원,이사랑치과의원,1
남구 봉선동,치과의원,스마트치과의원,1
남구 노대동,치과의원,진월허브치과의원,1
남구 월산동,치과의원,동신치과의원,1
남구 행암동,치과의원,스마일치과의원,1
남구 월산동,치과의원,정은주ㆍ김석치과의원,1
남구 양림동,치과의원,양림치과의원,1
남구 행암동,치과의원,오정석치과의원,1
남구 월산동,치과의원,하얀치과의원,1
남구 봉선동,치과의원,한길치과의원,1
남구 방림동,치과의원,민치과의원,1
남구 임암동,치과의원,효천가족치과의원,1
남구 주월동,치과의원,미쁨치과의원,1
남구 월산동,치과의원,고려e치과의원,1
남구 백운동,치과의원,동아바른이치과의원,1
남구 봉선동,치과의원,봉선사랑치과의원,1
남구 방림동,치과의원,포도나무치과의원,1
남구 봉선동,치과의원,봉선연합치과의원,1
남구 봉선동,치과의원,조영곤치과의원,1
남구 진월동,치과의원,대학치과의원,1
남구 진월동,치과의원,맑은샘치과의원,1
남구 방림동,치과의원,디자인치과의원,1
남구 진월동,치과의원,밝은치과의원,1
남구 노대동,치과의원,노대우리치과의원,1
남구 진월동,치과의원,해오름치과의원,1
남구 백운동,치과의원,정선희치과의원,1
남구 서동,치과의원,태양치과의원,1
남구 봉선동,치과의원,이마을치과의원,1
남구 봉선동,치과의원,문치과의원,1
남구 진월동,치과의원,다민치과의원,1
남구 노대동,치과의원,임플러스치과의원,1
남구 진월동,치과의원,이연치과의원,1
남구 진월동,치과의원,이-클린치과의원,1
남구 봉선동,치과의원,정이든치과의원,1
남구 월산동,치과의원,돌고개사랑치과의원,1
남구 봉선동,치과의원,규림치과의원,1
남구 방림동,치과의원,김예란치과의원,1
남구 봉선동,치과의원,이튼치과의원,1
남구 봉선동,치과의원,양재호치과의원,1
남구 노대동,치과의원,소나무치과의원,1
남구 봉선동,치과의원,조치과의원,1
남구 봉선동,치과의원,누리치과의원,1
남구 주월동,치과의원,좋은이치과의원,1
남구 주월동,치과의원,래미안치과의원,1
남구 백운동,치과의원,행복한미소치과의원,1
남구 봉선동,치과의원,평안치과의원,1
남구 봉선동,치과의원,광주웰치과의원,1
남구 봉선동,치과의원,치아림치과의원,1
남구 진월동,치과의원,이민호치과의원,1
남구 봉선동,치과의원,파르마치과의원,1
남구 봉선동,치과의원,박광치과의원,1
남구 진월동,치과의원,e퍼스트치과의원,1
남구 월산동,치과의원,은석치과의원,1
남구 월산동,치과의원,사랑으로치과의원,1
남구 진월동,치과의원,참사랑치과의원,1
남구 봉선동,치과의원,새롬치과의원,1
남구 진월동,치과의원,광주씨티치과의원,1
남구 봉선동,치과의원,한경윤치과의원,1
남구 월산동,치과의원,최용석치과의원,1
남구 월산동,치과의원,고려치과의원,1
남구 주월동,치과의원,미래아동치과의원,1
남구 봉선동,치과의원,김성권치과의원,1
남구 주월동,치과의원,길치과의원,1
남구 봉선동,치과의원,김현오치과의원,1
남구 봉선동,치과의원,봉선우리치과의원,1
남구 진월동,치과의원,김광수치과의원,1
남구 진월동,치과의원,정다운치과의원,1
남구 진월동,치과의원,이선아치과의원,1
남구 월산동,치과의원,주재익치과의원,1
남구 주월동,치과의원,이안희치과의원,1
남구 주월동,치과의원,박금석치과의원,1
남구 백운동,치과의원,복음치과의원,1
남구 백운동,치과의원,이봉규치과의원,1
남구 백운동,치과의원,백운치과의원,1
남구 주월동,치과의원,위생치과의원,1
남구 진월동,치과의원,임정수치과의원,1
남구 양림동,치과의원,하얀이치과의원,1
남구 방림동,치과의원,최택휴치과의원,1
남구 주월동,치과의원,광성치과의원,1
남구 봉선동,치과의원,염창엽치과의원,1
남구 월산동,치과의원,김상태치과의원,1
남구 주월동,치과의원,박상윤치과의원,1
남구 서동,치과의원,대성치과의원,1
남구 백운동,치과의원,임승진치과의원,1
북구 운암동,치과의원,메타플란트치과의원,1
북구 우산동,치과의원,가까운우리치과의원,1
북구 두암동,치과의원,치우치과의원,1
북구 일곡동,치과의원,독일튼튼치과의원,1
북구 용봉동,치과의원,신치과의원,1
북구 두암동,치과의원,88청춘치과의원,1
북구 동림동,치과의원,편한기치과의원,1
북구 유동,치과의원,라비엘치과의원,1
북구 연제동,치과의원,연제현치과의원,1
북구 각화동,치과의원,광주하트치과의원,1
북구 용봉동,치과의원,용봉퍼스트치과의원,1
북구 동림동,치과의원,라파엘치과의원,1
북구 오치동,치과의원,오치탑치과의원,1
북구 매곡동,치과의원,다니엘치과의원,1
북구 운암동,치과의원,백세치과의원,1
북구 두암동,치과의원,탄탄치과의원,1
북구 양산동,치과의원,연제바른치과의원,1
북구 운암동,치과의원,킴스치과의원,1
북구 우산동,치과의원,구구치과의원,1
북구 본촌동,치과의원,이음치과의원,1
북구 풍향동,치과의원,선치과의원,1
북구 삼각동,치과의원,서울치과의원,1
북구 우산동,치과의원,하나치과의원,1
북구 용두동,치과의원,윤치과의원,1
북구 양산동,치과의원,지혜치과의원,1
북구 운암동,치과의원,굿모닝치과의원,1
북구 풍향동,치과의원,광주탑치과의원,1
북구 연제동,치과의원,첨단예본치과의원,1
북구 용봉동,치과의원,용봉우리치과의원,1
북구 각화동,치과의원,두암에스치과의원,1
북구 신용동,치과의원,에이플란트치과의원,1
북구 용봉동,치과의원,허남일치과의원,1
북구 운암동,치과의원,안하나어린이치과의원,1
북구 두암동,치과의원,중앙치과의원,1
북구 용두동,치과의원,바로치과의원,1
북구 오치동,치과의원,오제석치과의원,1
북구 용봉동,치과의원,선이고운치과교정과치과의원,1
북구 양산동,치과의원,미소지음치과의원,1
북구 두암동,치과의원,정성가득치과의원,1
북구 양산동,치과의원,튼튼이어린이치과의원,1
북구 신용동,치과의원,예쁜미소치과의원,1
북구 운암동,치과의원,바른손치과의원,1
북구 두암동,치과의원,더이튼치과의원,1
북구 신용동,치과의원,노블치과의원,1
북구 양산동,치과의원,센트럴치과의원,1
북구 신용동,치과의원,첨단베스트치과의원,1
북구 풍향동,치과의원,나비치과의원,1
북구 용봉동,치과의원,좋은이치과의원,1
북구 신용동,치과의원,드림치과의원,1
북구 오치동,치과의원,밝은미소치과의원,1
북구 용두동,치과의원,e은혜치과의원,1
북구 신용동,치과의원,은혜치과의원,1
북구 용봉동,치과의원,나눔치과의원,1
북구 신용동,치과의원,하나어린이치과의원,1
북구 신용동,치과의원,위드치과의원,1
북구 운암동,치과의원,동서하나로치과의원,1
북구 신용동,치과의원,첨단리더스치과의원,1
북구 신용동,치과의원,이튼치과의원,1
북구 양산동,치과의원,연제미담치과의원,1
북구 운암동,치과의원,운암탑치과의원,1
북구 일곡동,치과의원,일곡우리치과의원,1
북구 매곡동,치과의원,아가페치과의원,1
북구 우산동,치과의원,베스트치과의원,1
북구 양산동,치과의원,이레치과의원,1
북구 매곡동,치과의원,샘치과의원,1
북구 용두동,치과의원,희망치과의원,1
북구 매곡동,치과의원,이백호치과의원,1
북구 문흥동,치과의원,행복한치과의원,1
북구 두암동,치과의원,백세튼튼치과의원,1
북구 매곡동,치과의원,송진명치과교정과치과의원,1
북구 오치동,치과의원,고수희치과의원,1
북구 매곡동,치과의원,매곡가족치과교정과치과의원,1
북구 운암동,치과의원,정문치과의원,1
북구 문흥동,치과의원,고치과의원,1
북구 운암동,치과의원,엔와이양치과의원,1
북구 운암동,치과의원,참조은치과의원,1
북구 두암동,치과의원,한빛치과의원,1
북구 용봉동,치과의원,비엔날레치과의원,1
북구 우산동,치과의원,보스톤치과의원,1
북구 중흥동,치과의원,대승치과의원,1
북구 운암동,치과의원,운암미소치과의원,1
북구 풍향동,치과의원,백림치과의원,1
북구 동림동,치과의원,스위트치과의원,1
북구 풍향동,치과의원,하늘치과의원,1
북구 운암동,치과의원,운암가족치과의원,1
북구 매곡동,치과의원,이사랑치과의원,1
북구 본촌동,치과의원,예손치과의원,1
북구 동림동,치과의원,e-푸른치과의원,1
북구 양산동,치과의원,선한이웃치과의원,1
북구 운암동,치과의원,로덴치과의원,1
북구 용봉동,치과의원,행복한민치과의원,1
북구 두암동,치과의원,소망치과의원,1
북구 두암동,치과의원,미소드림치과의원,1
북구 각화동,치과의원,우암치과의원,1
북구 문흥동,치과의원,e-편한치과의원,1
북구 오치동,치과의원,모든치과의원,1
북구 용봉동,치과의원,한빛부부치과의원,1
북구 동림동,치과의원,동림치과의원,1
북구 운암동,치과의원,라이프치과의원,1
북구 중흥동,치과의원,제일치과의원,1
북구 문흥동,치과의원,꼬마이치과의원,1
북구 용봉동,치과의원,용봉치과의원,1
북구 운암동,치과의원,미주치과의원,1
북구 문흥동,치과의원,프라임치과의원,1
북구 두암동,치과의원,러브미치과의원,1
북구 문흥동,치과의원,사과나무치과의원,1
북구 매곡동,치과의원,이오치과의원,1
북구 매곡동,치과의원,엘치과의원,1
북구 두암동,치과의원,화이트치과의원,1
북구 용두동,치과의원,누가치과의원,1
북구 용봉동,치과의원,박상수치과의원,1
북구 연제동,치과의원,늘기쁨치과의원,1
북구 매곡동,치과의원,스마일치과의원,1
북구 양산동,치과의원,전치과의원,1
북구 문흥동,치과의원,대주치과의원,1
북구 오치동,치과의원,연치과의원,1
북구 두암동,치과의원,우리치과의원,1
북구 매곡동,치과의원,믿음치과의원,1
북구 우산동,치과의원,가지런e류치과교정과치과의원,1
북구 일곡동,치과의원,광주아름다운치과의원,1
북구 오치동,치과의원,오치꼬마이치과의원,1
북구 운암동,치과의원,운암한국치과의원,1
북구 유동,치과의원,현대치과의원,1
북구 용두동,치과의원,엘리트치과의원,1
북구 문흥동,치과의원,현영민치과의원,1
북구 매곡동,치과의원,밝은치과의원,1
북구 용봉동,치과의원,즐거운치과의원,1
북구 두암동,치과의원,두암치과의원,1
북구 운암동,치과의원,허드슨치과의원,1
북구 두암동,치과의원,이치과의원,1
북구 문흥동,치과의원,은치과의원,1
북구 동림동,치과의원,한승헌치과의원,1
북구 우산동,치과의원,정민치과의원,1
북구 운암동,치과의원,램브란트치과교정과치과의원,1
북구 두암동,치과의원,청담치과의원,1
북구 각화동,치과의원,한우리치과의원,1
북구 일곡동,치과의원,예일치과의원,1
북구 일곡동,치과의원,사랑이가득한치과의원,1
북구 일곡동,치과의원,일곡부부치과의원,1
북구 풍향동,치과의원,효치과의원,1
북구 운암동,치과의원,허치과의원,1
북구 양산동,치과의원,용두치과의원,1
북구 우산동,치과의원,사랑치과의원,1
북구 두암동,치과의원,좋은치과의원,1
북구 두암동,치과의원,하늘마음치과의원,1
북구 일곡동,치과의원,바른이치과의원,1
북구 운암동,치과의원,전기범치과의원,1
북구 일곡동,치과의원,광주모아치과의원,1
북구 양산동,치과의원,모은치과의원,1
북구 일곡동,치과의원,대명치과의원,1
북구 운암동,치과의원,열린에스치과의원,1
북구 운암동,치과의원,노양균치과의원,1
북구 연제동,치과의원,조은치과의원,1
북구 용두동,치과의원,새복음치과의원,1
북구 우산동,치과의원,동광주치과의원,1
북구 매곡동,치과의원,진치과의원,1
북구 삼각동,치과의원,박원길치과의원,1
북구 문흥동,치과의원,두리치과의원,1
북구 용봉동,치과의원,조훈치과의원,1
북구 운암동,치과의원,예그린치과의원,1
북구 두암동,치과의원,정태환치과의원,1
북구 두암동,치과의원,김정태치과의원,1
북구 운암동,치과의원,정담치과의원,1
북구 오치동,치과의원,모재형치과의원,1
북구 풍향동,치과의원,연합치과의원,1
북구 운암동,치과의원,미보치과의원,1
북구 오치동,치과의원,서산치과의원,1
북구 우산동,치과의원,장용성치과의원,1
북구 두암동,치과의원,손철용치과의원,1
북구 임동,치과의원,서림치과의원,1
북구 중흥동,치과의원,한결치과의원,1
북구 유동,치과의원,이강범치과의원,1
북구 문흥동,치과의원,에덴치과의원,1
북구 임동,치과의원,이건웅치과의원,1
북구 문흥동,치과의원,반석치과의원,1
북구 오치동,치과의원,정치과의원,1
북구 중흥동,치과의원,김형재치과의원,1
북구 중흥동,치과의원,한솔치과의원,1
북구 용봉동,치과의원,새현대치과의원,1
북구 우산동,치과의원,배웅치과의원,1
북구 운암동,치과의원,강치과의원,1
북구 우산동,치과의원,이상치과의원,1
북구 누문동,치과의원,무등치과의원,1
북구 중흥동,치과의원,박진영치과의원,1
광산구 쌍암동,치과의원,자이치과의원,1
광산구 장덕동,치과의원,치우치과의원,1
광산구 운남동,치과의원,박상훈치과의원,1
광산구 장덕동,치과의원,서울수완치과의원,1
광산구 우산동,치과의원,하남하트치과의원,1
광산구 선암동,치과의원,큰사랑치과의원,1
광산구 수완동,치과의원,수완꾸러기치과의원,1
광산구 수완동,치과의원,서울우리아이치과의원,1
광산구 월계동,치과의원,활짝웃는치과교정과치과의원,1
광산구 우산동,치과의원,지플란트치과의원,1
광산구 수완동,치과의원,수완미소치과의원,1
광산구 장덕동,치과의원,백상배치과교정과치과의원,1
광산구 우산동,치과의원,함께하는대덕치과의원,1
광산구 송정동,치과의원,송정수치과의원,1
광산구 신가동,치과의원,새신가치과의원,1
광산구 신가동,치과의원,더산뜻치과의원,1
광산구 수완동,치과의원,참바른치과교정과치과의원,1
광산구 수완동,치과의원,수완스타치과의원,1
광산구 하남동,치과의원,슬기롭고아름다운치과교정과치과의원,1
광산구 송정동,치과의원,송정사랑치과의원,1
광산구 산정동,치과의원,시원치과의원,1
광산구 신창동,치과의원,김현우치과의원,1
광산구 송정동,치과의원,송정아가페치과의원,1
광산구 송정동,치과의원,동그라미치과의원,1
광산구 쌍암동,치과의원,첨단윤치과의원,1
광산구 월계동,치과의원,상쾌한치과의원,1
광산구 신창동,치과의원,신창치과의원,1
광산구 월계동,치과의원,조아영치과의원,1
광산구 쌍암동,치과의원,미바른이치과교정과치과의원,1
광산구 쌍암동,치과의원,메디케어치과의원,1
광산구 우산동,치과의원,기분좋은 치과의원,1
광산구 하남동,치과의원,에이스치과의원,1
광산구 송정동,치과의원,송정윤치과의원,1
광산구 월계동,치과의원,이룸치과의원,1
광산구 송정동,치과의원,노기표치과의원,1
광산구 송정동,치과의원,본이좋은치과의원,1
광산구 비아동,치과의원,다나치과의원,1
광산구 하남동,치과의원,세정치과의원,1
광산구 우산동,치과의원,밝을明치과의원,1
광산구 흑석동,치과의원,크라운치과의원,1
광산구 수완동,치과의원,하나내아이치과의원,1
광산구 신가동,치과의원,늘푸른미치과의원,1
광산구 수완동,치과의원,광주365치과의원,1
광산구 수완동,치과의원,본치과의원,1
광산구 선암동,치과의원,아이오치과의원,1
광산구 선암동,치과의원,퍼스트치과의원,1
광산구 운남동,치과의원,한사랑플란트치과의원,1
광산구 선암동,치과의원,선운치과의원,1
광산구 수완동,치과의원,자연이사랑치과의원,1
광산구 옥동,치과의원,평동치과의원,1
광산구 하남동,치과의원,미담치과의원,1
광산구 수완동,치과의원,스페셜치과의원,1
광산구 장덕동,치과의원,더편한치과의원,1
광산구 흑석동,치과의원,캘리포니아치과의원,1
광산구 신창동,치과의원,강남웰치과의원,1
광산구 장덕동,치과의원,비전치과의원,1
광산구 신창동,치과의원,연세세브란스치과의원,1
광산구 신창동,치과의원,홍치과의원,1
광산구 신가동,치과의원,큰별치과의원,1
광산구 월계동,치과의원,첨단사랑치과의원,1
광산구 수완동,치과의원,선이고운치과교정과치과의원,1
광산구 흑석동,치과의원,수완반석치과의원,1
광산구 월곡동,치과의원,하남노블치과의원,1
광산구 흑석동,치과의원,나무치과의원,1
광산구 우산동,치과의원,조은치과의원,1
광산구 소촌동,치과의원,숲&나무치과의원,1
광산구 수완동,치과의원,프리미엄치과의원,1
광산구 장덕동,치과의원,하이치과의원,1
광산구 신가동,치과의원,좋은이웃치과의원,1
광산구 장덕동,치과의원,탑스치과의원,1
광산구 운남동,치과의원,광산미래아동치과의원,1
광산구 신가동,치과의원,으뜸치과의원,1
광산구 월곡동,치과의원,운남가족치과의원,1
광산구 도산동,치과의원,우리연치과의원,1
광산구 장덕동,치과의원,오복어린이치과의원,1
광산구 수완동,치과의원,아름드리치과의원,1
광산구 장덕동,치과의원,대학치과의원,1
광산구 장덕동,치과의원,하늘수치과의원,1
광산구 수완동,치과의원,미소림치과의원,1
광산구 신창동,치과의원,이벗치과의원,1
광산구 산정동,치과의원,하남퍼스트치과의원,1
광산구 신가동,치과의원,흰돌치과의원,1
광산구 신가동,치과의원,한결치과의원,1
광산구 장덕동,치과의원,리더스치과의원,1
광산구 비아동,치과의원,비아치과의원,1
광산구 산정동,치과의원,이안치과의원,1
광산구 수완동,치과의원,수완노블치과의원,1
광산구 하남동,치과의원,플러스나무치과의원,1
광산구 신가동,치과의원,믿음치과의원,1
광산구 월계동,치과의원,첨단치과의원,1
광산구 월계동,치과의원,첨단노블치과의원,1
광산구 산월동,치과의원,임광호치과의원,1
광산구 신창동,치과의원,굿모닝치과의원,1
광산구 신창동,치과의원,진부부치과의원,1
광산구 신창동,치과의원,미소담치과의원,1
광산구 신창동,치과의원,신화치과의원,1
광산구 신창동,치과의원,우리가족치과의원,1
광산구 신창동,치과의원,행복치과의원,1
광산구 월계동,치과의원,올바른치과교정과치과의원,1
광산구 월계동,치과의원,명인치과의원,1
광산구 월계동,치과의원,청치과의원,1
광산구 우산동,치과의원,호치과의원,1
광산구 월계동,치과의원,두산치과의원,1
광산구 월계동,치과의원,하나아동치과의원,1
광산구 소촌동,치과의원,미사랑치과의원,1
광산구 산월동,치과의원,21세기치과의원,1
광산구 월계동,치과의원,이선희치과의원,1
광산구 월계동,치과의원,첨단퍼스트치과의원,1
광산구 월곡동,치과의원,행복한부부치과의원,1
광산구 월곡동,치과의원,e푸른치과의원,1
광산구 월곡동,치과의원,편한세상치과의원,1
광산구 쌍암동,치과의원,뉴욕미래치과의원,1
광산구 운남동,치과의원,그린치과의원,1
광산구 신가동,치과의원,신가치과의원,1
광산구 운남동,치과의원,해바라기치과의원,1
광산구 운남동,치과의원,인사랑치과의원,1
광산구 운남동,치과의원,즐거운치과의원,1
광산구 운남동,치과의원,웅치과의원,1
광산구 신가동,치과의원,2080치과의원,1
광산구 월곡동,치과의원,연합치과의원,1
광산구 월곡동,치과의원,하남치과의원,1
광산구 쌍암동,치과의원,김용일치과의원,1
광산구 운남동,치과의원,수치과의원,1
광산구 장덕동,치과의원,인플란트치과의원,1
광산구 월계동,치과의원,첨단최치과의원,1
광산구 우산동,치과의원,정무강치과의원,1
광산구 송정동,치과의원,다솜치과의원,1
광산구 송정동,치과의원,정성국치과의원,1
광산구 월계동,치과의원,재민치과의원,1
광산구 월곡동,치과의원,건강치과의원,1
광산구 운남동,치과의원,푸른부부치과의원,1
광산구 도산동,치과의원,박형근치과의원,1
광산구 송정동,치과의원,송정치과의원,1
광산구 운남동,치과의원,최수진치과의원,1
광산구 월계동,치과의원,선치과의원,1
광산구 비아동,치과의원,제일치과의원,1
광산구 송정동,치과의원,송정부부치과의원,1
광산구 장덕동,치과의원,김근영치과의원,1
광산구 월곡동,치과의원,한강부부치과의원,1
광산구 우산동,치과의원,위민치과의원,1
광산구 우산동,치과의원,대덕치과의원,1
광산구 운남동,치과의원,박정렬치과의원,1
광산구 우산동,치과의원,겨레치과의원,1
광산구 송정동,치과의원,김정선치과의원,1
광산구 송정동,치과의원,곽종하치과의원,1
광산구 송정동,치과의원,호산치과의원,1
광산구 송정동,치과의원,이기영치과의원,1
동구 계림동,한방병원,소명한방병원,1
동구 산수동,한방병원,두암한방병원,1
동구 동명동,한방병원,더조은한방병원,1
동구 호남동,한방병원,호남한방병원,1
동구 산수동,한방병원,경희궁한방병원,1
동구 계림동,한방병원,예향한방병원,1
동구 학동,한방병원,천지인한방병원,1
서구 쌍촌동,한방병원,운천한방병원,1
서구 화정동,한방병원,서우한방병원,1
서구 치평동,한방병원,정양한방병원,1
서구 화정동,한방병원,서원한방병원,1
서구 치평동,한방병원,민 한방병원,1
서구 치평동,한방병원,라인한방병원,1
서구 광천동,한방병원,바른한방병원,1
서구 쌍촌동,한방병원,푸른 한방병원,1
서구 풍암동,한방병원,로뎀한방병원,1
서구 치평동,한방병원,광주자생한방병원,1
서구 농성동,한방병원,교원한방병원,1
서구 금호동,한방병원,베스트한방병원,1
서구 치평동,한방병원,엠케이한방병원,1
서구 금호동,한방병원,대웅당한방병원,1
서구 화정동,한방병원,경희수한방병원,1
서구 치평동,한방병원,청연한방병원,1
남구 봉선동,한방병원,연수탑한방병원,1
남구 주월동,한방병원,순한방병원,1
남구 진월동,한방병원,대동한방병원,1
남구 월산동,한방병원,우리한방병원,1
남구 주월동,한방병원,중앙생한방병원,1
남구 봉선동,한방병원,봉선한방병원,1
남구 진월동,한방병원,한마음 한방병원,1
남구 봉선동,한방병원,자담한방병원,1
남구 월산동,한방병원,영주한방병원,1
남구 서동,한방병원,사직한방병원,1
남구 주월동,한방병원,주월한방병원,1
남구 백운동,한방병원,동아한방병원,1
남구 봉선동,한방병원,영신한방병원,1
남구 월산동,한방병원,동신대학교광주한방병원,1
남구 주월동,한방병원,원광대학교광주한방병원,1
북구 각화동,한방병원,온한방병원,1
북구 우산동,한방병원,말바우한방병원,1
북구 용봉동,한방병원,더셀한방병원,1
북구 중흥동,한방병원,대산한방병원,1
북구 신안동,한방병원,정한방병원,1
북구 신용동,한방병원,경희삼성한방병원,1
북구 운암동,한방병원,만강한방병원,1
북구 양산동,한방병원,자향한방병원,1
북구 신용동,한방병원,휴한방병원,1
북구 두암동,한방병원,홍인한방병원,1
북구 매곡동,한방병원,메디웰한방병원,1
북구 운암동,한방병원,이현한방병원,1
북구 운암동,한방병원,두드림한방병원,1
북구 오치동,한방병원,천수당한방병원,1
북구 오치동,한방병원,은행나무한방병원,1
북구 신안동,한방병원,종로한방병원,1
북구 동림동,한방병원,올림픽한방병원,1
북구 용두동,한방병원,세정한방병원,1
북구 본촌동,한방병원,장원한방병원,1
북구 용봉동,한방병원,올다몸과맘한방병원,1
북구 운암동,한방병원,금강한방병원,1
북구 신용동,한방병원,제이한방병원,1
북구 문흥동,한방병원,신한방병원,1
북구 일곡동,한방병원,약손한방병원,1
북구 운암동,한방병원,새우리한방병원,1
북구 신용동,한방병원,배가한방병원,1
북구 매곡동,한방병원,세종한방병원,1
북구 삼각동,한방병원,다나한방병원,1
북구 운암동,한방병원,운암한방병원,1
북구 용봉동,한방병원,리더스용봉한방병원,1
광산구 장덕동,한방병원,한양한방병원,1
광산구 쌍암동,한방병원,첨단유진한방병원,1
광산구 운남동,한방병원,한마음한방병원,1
광산구 송정동,한방병원,참사랑한방병원,1
광산구 우산동,한방병원,우산한방병원,1
광산구 도산동,한방병원,편안손한방병원,1
광산구 우산동,한방병원,하남한방병원,1
광산구 장덕동,한방병원,수서한방병원,1
광산구 쌍암동,한방병원,예인한방병원,1
광산구 쌍암동,한방병원,다솜한방병원,1
광산구 우산동,한방병원,참조은한방병원,1
광산구 송정동,한방병원,광산한방병원,1
광산구 신창동,한방병원,더웰한방병원,1
광산구 장덕동,한방병원,광주세계로한방병원,1
광산구 월계동,한방병원,우리수한방병원,1
광산구 장덕동,한방병원,수완청연한방병원,1
광산구 수완동,한방병원,신통한방병원,1
광산구 쌍암동,한방병원,첨단한방병원,1
광산구 월곡동,한방병원,자연그린한방병원,1
동구 계림동,한의원,온한의원,1
동구 계림동,한의원,일등한의원,1
동구 운림동,한의원,신선한의원,1
동구 학동,한의원,우리한의원,1
동구 학동,한의원,약손한의원,1
동구 소태동,한의원,모란한의원,1
동구 대인동,한의원,천원당한의원,1
동구 소태동,한의원,참한의원,1
동구 동명동,한의원,경희한의원,1
동구 산수동,한의원,산수한의원,1
동구 학동,한의원,수한의원,1
동구 대인동,한의원,코숨샘물한의원,1
동구 호남동,한의원,동제한의원,1
동구 학동,한의원,이연한의원,1
동구 장동,한의원,신통한의원,1
동구 학동,한의원,록원한의원,1
동구 산수동,한의원,제인한의원,1
동구 지산동,한의원,미소필한의원,1
동구 학동,한의원,동서한의원,1
동구 소태동,한의원,고려한의원,1
동구 계림동,한의원,원광한의원,1
동구 지산동,한의원,명성한의원,1
동구 산수동,한의원,강한의원,1
동구 대인동,한의원,북경당한의원,1
동구 학동,한의원,남광주한의원,1
동구 장동,한의원,민한의원,1
동구 대인동,한의원,고인문한의원,1
동구 금남로4가,한의원,장한의원,1
동구 학동,한의원,광제한의원,1
동구 동명동,한의원,감초한의원,1
동구 계림동,한의원,광명당한의원,1
동구 장동,한의원,중화한의원,1
서구 화정동,한의원,오름한의원,1
서구 농성동,한의원,소망한의원,1
서구 농성동,한의원,자연과한의원,1
서구 치평동,한의원,올바른한의원,1
서구 풍암동,한의원,정성치유한의원,1
서구 화정동,한의원,광주호연한의원,1
서구 치평동,한의원,천원당한의원,1
서구 양동,한의원,발산한의원,1
서구 농성동,한의원,마디척한의원 화정점,1
서구 화정동,한의원,바른한의원,1
서구 금호동,한의원,마디척한의원 금호점,1
서구 치평동,한의원,생기한의원,1
서구 금호동,한의원,동감한의원,1
서구 화정동,한의원,광덕힐한의원,1
서구 농성동,한의원,편안한몸한의원,1
서구 동천동,한의원,금손한의원,1
서구 치평동,한의원,한음한방신경정신과 한의원,1
서구 치평동,한의원,창명당한의원,1
서구 화정동,한의원,참조은한의원,1
서구 농성동,한의원,아이누리한의원,1
서구 동천동,한의원,밝은한의원,1
서구 광천동,한의원,이지스한의원,1
서구 화정동,한의원,보명한의원,1
서구 화정동,한의원,화정한의원,1
서구 금호동,한의원,민한의원,1
서구 치평동,한의원,프리허그한의원,1
서구 농성동,한의원,하늘마음한의원,1
서구 농성동,한의원,해율한의원,1
서구 농성동,한의원,화접몽한의원,1
서구 쌍촌동,한의원,천연본미소한의원,1
서구 풍암동,한의원,나비한의원,1
서구 화정동,한의원,광후당한의원,1
서구 치평동,한의원,발머스한의원,1
서구 금호동,한의원,경희단비한의원,1
서구 치평동,한의원,아름다운한의원,1
서구 광천동,한의원,튼튼마디한의원,1
서구 풍암동,한의원,다정한의원,1
서구 광천동,한의원,규림한의원,1
서구 화정동,한의원,참맥한의원,1
서구 금호동,한의원,금호한의원,1
서구 풍암동,한의원,참좋은 한의원,1
서구 금호동,한의원,해람한의원,1
서구 농성동,한의원,후한의원,1
서구 화정동,한의원,백두한의원,1
서구 풍암동,한의원,명성한의원,1
서구 치평동,한의원,일맥한의원,1
서구 쌍촌동,한의원,규리한의원,1
서구 화정동,한의원,중앙한의원,1
서구 치평동,한의원,아침햇살한의원,1
서구 치평동,한의원,미담한의원,1
서구 내방동,한의원,(의료법인)아주의료재단 기아아주한의원,1
서구 농성동,한의원,함소아한의원,1
서구 금호동,한의원,연세한의원,1
서구 쌍촌동,한의원,명제한의원,1
서구 광천동,한의원,미소담은한의원,1
서구 금호동,한의원,도원아이한의원,1
서구 쌍촌동,한의원,소생한의원,1
서구 양동,한의원,양동한의원,1
서구 풍암동,한의원,한기석한의원,1
서구 금호동,한의원,아토마음한의원,1
서구 유촌동,한의원,약손한의원,1
서구 치평동,한의원,현대한의원,1
서구 치평동,한의원,상무한의원,1
서구 풍암동,한의원,풍암한의원,1
서구 쌍촌동,한의원,금당한의원,1
서구 치평동,한의원,동인당한의원,1
서구 화정동,한의원,미래한의원,1
서구 쌍촌동,한의원,박진우한의원,1
서구 치평동,한의원,제세한의원,1
서구 농성동,한의원,보성한의원,1
서구 화정동,한의원,홍한의원,1
서구 유촌동,한의원,인성한의원,1
서구 광천동,한의원,동아한의원,1
서구 화정동,한의원,우리한의원,1
서구 치평동,한의원,상아한의원,1
서구 쌍촌동,한의원,동광한의원,1
서구 화정동,한의원,청담한의원,1
서구 화정동,한의원,이건업한의원,1
서구 화정동,한의원,경희한의원,1
남구 주월동,한의원,화목한휴일한의원,1
남구 백운동,한의원,민들레한의원,1
남구 월산동,한의원,은산한의원,1
남구 봉선동,한의원,참좋은부부한의원,1
남구 임암동,한의원,금손약손한의원,1
남구 봉선동,한의원,지본한의원,1
남구 임암동,한의원,365마디척한의원,1
남구 봉선동,한의원,새몸한의원,1
남구 봉선동,한의원,나음한의원,1
남구 월산동,한의원,서울한의원,1
남구 월산동,한의원,약샘한의원,1
남구 양림동,한의원,길한의원,1
남구 봉선동,한의원,김연우한의원,1
남구 월산동,한의원,금강한의원,1
남구 봉선동,한의원,봉선금강한의원,1
남구 주월동,한의원,선재편한몸한의원,1
남구 봉선동,한의원,소문한의원,1
남구 행암동,한의원,효천부부한의원,1
남구 봉선동,한의원,으뜸한의원,1
남구 서동,한의원,정수한의원,1
남구 월산동,한의원,이승재한의원,1
남구 백운동,한의원,장한의원,1
남구 백운동,한의원,참조은한의원,1
남구 진월동,한의원,목우한의원,1
남구 방림동,한의원,정원한의원,1
남구 노대동,한의원,미소그린한의원,1
남구 방림동,한의원,온사랑한의원,1
남구 진월동,한의원,용한의원,1
남구 지석동,한의원,김석제세한의원,1
남구 봉선동,한의원,대성한의원,1
남구 봉선동,한의원,전갑술한의원,1
남구 진월동,한의원,효민한의원,1
남구 진월동,한의원,밝은마음한의원,1
남구 진월동,한의원,광명한의원,1
남구 진월동,한의원,금당한의원,1
남구 월산동,한의원,이충주한의원,1
남구 봉선동,한의원,용인한의원,1
남구 서동,한의원,김성욱한의원,1
남구 백운동,한의원,연세한의원,1
남구 봉선동,한의원,한빛한의원,1
남구 봉선동,한의원,문석재한의원,1
남구 진월동,한의원,백두한의원,1
남구 진월동,한의원,김연도한의원,1
남구 봉선동,한의원,삼성한의원,1
남구 주월동,한의원,최현한의원,1
남구 진월동,한의원,보광한의원,1
남구 월산동,한의원,김혁한의원,1
북구 풍향동,한의원,8맥한의원,1
북구 운암동,한의원,운암제일한의원,1
북구 일곡동,한의원,황제한의원,1
북구 양산동,한의원,두손한의원,1
북구 용두동,한의원,위드유한의원,1
북구 양산동,한의원,봄애그린한의원,1
북구 오치동,한의원,신통한의원,1
북구 중흥동,한의원,더준한의원,1
북구 신용동,한의원,준한의원,1
북구 운암동,한의원,마디척한의원운암점,1
북구 신용동,한의원,지음한의원,1
북구 문흥동,한의원,팔팔힘찬한의원,1
북구 용봉동,한의원,휴드림한의원,1
북구 오치동,한의원,강남한의원,1
북구 우산동,한의원,온유한의원,1
북구 양산동,한의원,연제한의원,1
북구 운암동,한의원,선재한의원,1
북구 오치동,한의원,천지한의원,1
북구 양산동,한의원,원광한의원,1
북구 용봉동,한의원,도란도란한의원,1
북구 신용동,한의원,경희본(本)한의원,1
북구 일곡동,한의원,다드림한의원,1
북구 매곡동,한의원,청춘한의원,1
북구 매곡동,한의원,마디척한의원,1
북구 신용동,한의원,자연한의원,1
북구 중흥동,한의원,다담한의원,1
북구 문흥동,한의원,평강한의원,1
북구 우산동,한의원,에덴한의원,1
북구 용봉동,한의원,제마한의원,1
북구 각화동,한의원,침사랑 한의원,1
북구 매곡동,한의원,금호튼튼한의원,1
북구 유동,한의원,행복한 한의원,1
북구 두암동,한의원,청담한의원,1
북구 일곡동,한의원,수한의원,1
북구 동림동,한의원,동림정수한의원,1
북구 두암동,한의원,명가한의원,1
북구 두암동,한의원,제생한의원,1
북구 우산동,한의원,류성룡경희한의원,1
북구 문흥동,한의원,세명한의원,1
북구 두암동,한의원,말바우한의원,1
북구 운암동,한의원,소청한의원,1
북구 두암동,한의원,두암한의원,1
북구 용봉동,한의원,사상한의원,1
북구 중흥동,한의원,지성한의원,1
북구 양산동,한의원,원광맥한의원,1
북구 문흥동,한의원,인덕한의원,1
북구 운암동,한의원,토담한의원,1
북구 운암동,한의원,운암경희한의원,1
북구 두암동,한의원,다산한의원,1
북구 두암동,한의원,코비한의원,1
북구 양산동,한의원,참미르한의원,1
북구 매곡동,한의원,경희한의원,1
북구 우산동,한의원,소생한의원,1
북구 매곡동,한의원,맑은샘한의원,1
북구 용봉동,한의원,우리들한의원,1
북구 오치동,한의원,남경한의원,1
북구 용두동,한의원,최회강한의원,1
북구 우산동,한의원,의성한의원,1
북구 우산동,한의원,김요한한의원,1
북구 일곡동,한의원,동인한의원,1
북구 우산동,한의원,구침가한의원,1
북구 문흥동,한의원,우리한의원,1
북구 일곡동,한의원,명인한의원,1
북구 운암동,한의원,쿨한의원,1
북구 두암동,한의원,장수한의원,1
북구 문흥동,한의원,경희가인한의원,1
북구 오치동,한의원,홍익한의원,1
북구 신안동,한의원,조은한의원,1
북구 문흥동,한의원,김현중한의원,1
북구 문흥동,한의원,문성진한의원,1
북구 운암동,한의원,십장생한의원,1
북구 동림동,한의원,강영구한의원,1
북구 문흥동,한의원,흥성한의원,1
북구 일곡동,한의원,조선한의원,1
북구 풍향동,한의원,김성훈한의원,1
북구 용두동,한의원,으뜸한의원,1
북구 양산동,한의원,양산한의원,1
북구 두암동,한의원,방백한의원,1
북구 운암동,한의원,광동한의원,1
북구 오치동,한의원,오치부부한의원,1
북구 오치동,한의원,임광모한의원,1
북구 운암동,한의원,서대선한의원,1
북구 운암동,한의원,인제한의원,1
광산구 수완동,한의원,한음한방신경정신과한의원,1
광산구 운남동,한의원,경희율한의원,1
광산구 신가동,한의원,금호튼튼한의원,1
광산구 선암동,한의원,참빛한의원,1
광산구 우산동,한의원,튼튼한의원,1
광산구 비아동,한의원,섬김한의원,1
광산구 옥동,한의원,평동한의원,1
광산구 운남동,한의원,육층한의원,1
광산구 장덕동,한의원,다통한의원,1
광산구 월계동,한의원,대화한의원,1
광산구 수완동,한의원,마디척한의원,1
광산구 수완동,한의원,안아픈세상한의원,1
광산구 장덕동,한의원,생동한의원,1
광산구 신창동,한의원,혜인한의원,1
광산구 수완동,한의원,안심한의원,1
광산구 월계동,한의원,수한의원,1
광산구 송정동,한의원,천수당한의원,1
광산구 운남동,한의원,운남경희한의원,1
광산구 수완동,한의원,단비한의원,1
광산구 수완동,한의원,수완함소아한의원,1
광산구 송정동,한의원,구침가한의원,1
광산구 수완동,한의원,수완푸른산한의원,1
광산구 송정동,한의원,용 한의원,1
광산구 월계동,한의원,미소한의원,1
광산구 월계동,한의원,광주경희한의원,1
광산구 산정동,한의원,송 한의원,1
광산구 신창동,한의원,임승일한의원,1
광산구 산정동,한의원,하남부부한의원,1
광산구 월곡동,한의원,월곡청담한의원,1
광산구 신가동,한의원,소나무한의원,1
광산구 장덕동,한의원,성덕한의원,1
광산구 신창동,한의원,명성한의원,1
광산구 월계동,한의원,경희한의원,1
광산구 운남동,한의원,튼튼기쁨한의원,1
광산구 송정동,한의원,백제한의원,1
광산구 송정동,한의원,원광부부한의원,1
광산구 수완동,한의원,느티나무한의원,1
광산구 비아동,한의원,원광정진 한의원,1
광산구 월계동,한의원,360경락한의원,1
광산구 우산동,한의원,원광한의원,1
광산구 송정동,한의원,송정경희한의원,1
광산구 신창동,한의원,푸른숲한의원,1
광산구 도산동,한의원,우리가족한의원,1
광산구 월계동,한의원,비전한의원,1
광산구 우산동,한의원,사과나무한의원,1
광산구 운남동,한의원,한창한의원,1
광산구 신창동,한의원,신창생한의원,1
광산구 신창동,한의원,세림한의원,1
광산구 우산동,한의원,인성한의원,1
광산구 우산동,한의원,참사랑한의원,1
광산구 월계동,한의원,천경호한의원,1
광산구 신가동,한의원,청담한의원,1
광산구 운남동,한의원,운남한의원,1
광산구 월계동,한의원,회통한의원,1
광산구 월곡동,한의원,평강한의원,1
광산구 운남동,한의원,대건한의원,1
광산구 운남동,한의원,자연한의원,1
광산구 쌍암동,한의원,햇살한의원,1
광산구 운남동,한의원,옥윤영한의원,1
광산구 신가동,한의원,정원한의원,1
광산구 신가동,한의원,동서이한의원,1
광산구 송정동,한의원,삼대 최한의원,1
광산구 우산동,한의원,바른한의원,1
광산구 송정동,한의원,위석부부한의원,1
광산구 월계동,한의원,동인한의원,1
광산구 비아동,한의원,비아한의원,1
광산구 월계동,한의원,장생한의원,1
광산구 월곡동,한의원,연제당한의원,1
광산구 선암동,한의원,명동한의원,1
